embedding_x,embedding_y
6.56891,11.78853
13.085493,8.865676
12.244989,12.492493
5.661907,5.6792183
18.550955,5.0598307
12.598701,10.03013
12.86944,11.417563
12.029926,10.927798
11.272122,13.499942
6.116775,6.9467206
1.9959239,13.579637
1.5051906,4.07389
11.251916,13.4830265
0.99968433,4.919882
12.604705,11.437889
11.2235365,13.435572
2.5657575,4.3639827
-5.1210084,8.949
11.644633,13.582695
12.240279,13.376243
12.8477545,9.013835
6.065634,5.24095
12.189137,12.974536
-6.627315,12.126858
11.925203,9.546723
5.5571856,6.0498195
11.640008,9.607046
-4.498442,15.783354
12.011459,10.404699
2.3855329,4.2771277
18.185007,4.427749
-4.498707,15.3136835
2.8377357,6.002365
11.51486,8.76205
11.212466,13.47085
8.027264,6.4313407
12.201555,12.773687
-4.539185,15.498058
11.905468,13.15802
18.004045,5.160371
12.017632,9.308563
0.8937993,4.8729405
1.0875677,3.8360426
15.95551,6.158623
-3.1943178,14.93357
11.543715,13.566567
0.4273409,3.558888
8.104149,8.049497
-0.6466887,3.3679886
2.9833493,4.811062
8.088149,7.373079
11.935688,9.444723
16.464178,5.7901254
-4.859756,10.113301
0.7444714,3.9813163
10.25978,7.9799743
11.888299,13.170458
17.835588,5.2273192
-5.7215633,9.816976
5.5950656,5.586782
10.327374,8.137889
-1.2342056,12.1035385
0.18525831,3.490497
-3.1655455,14.194584
11.210072,13.455222
8.112093,7.372106
11.568548,13.58752
12.89154,11.778884
11.985607,8.469776
-5.786133,10.298899
14.293905,7.31519
12.295755,12.967671
12.231195,13.410232
12.686736,10.797334
0.19744532,3.4811862
12.069598,10.008241
-3.7657344,15.364202
-3.2492225,14.735607
0.13877277,5.386521
13.569965,7.3278127
5.689221,5.606437
0.8586094,3.792049
12.176162,13.431838
12.103304,9.150774
13.558509,8.139845
17.944405,4.8055654
11.953792,11.129292
0.9736578,13.19369
13.516936,8.230853
-4.925338,10.7760105
12.49447,12.672646
-1.1491703,3.256268
9.742253,8.375976
12.139226,11.132515
-5.0299306,9.808019
12.593514,11.670139
11.217985,9.019655
8.013228,6.3833857
16.58608,6.933984
12.428297,10.060145
-5.010594,12.484872
-5.2846136,8.529801
11.983849,8.517634
0.29779914,13.737498
17.664503,5.584586
-4.523054,11.986612
12.01603,10.958932
12.336172,12.996352
11.88454,10.696098
1.0292796,13.184908
12.218272,13.420348
12.761123,11.839472
12.87026,11.774562
13.87677,7.569924
17.820272,5.562393
12.218269,8.790297
14.987685,6.803724
11.895065,10.633331
12.212253,10.402795
-5.4448686,9.389211
7.978766,7.86727
7.9989653,6.8738527
12.665435,9.608483
14.552214,7.448923
8.9601145,7.429119
0.13432597,3.8871033
12.067932,12.515502
-4.8527465,15.854875
-4.7743454,10.594512
5.926577,5.3984013
-3.2320747,14.790451
-0.9195432,3.416829
12.080245,10.227254
12.374022,10.2732
14.768629,6.7476964
11.4787445,13.516343
13.768809,7.9791303
15.282124,7.073642
7.5917573,6.09206
5.9625964,5.108855
2.1886275,4.1576047
8.715547,7.4416223
0.8140841,3.8418243
-4.9235177,12.6791725
15.870824,6.2462792
18.563059,5.063953
-4.955786,10.81519
7.5747967,6.090502
11.606741,13.5304785
-1.6833155,11.984523
6.3150287,5.770411
11.97669,10.680555
11.398493,8.270023
12.466394,12.709738
0.37780657,3.6655657
5.809782,5.357558
12.183923,10.575747
11.365328,13.536747
17.711771,5.0845337
12.085255,12.916695
3.189706,4.986205
16.525942,5.764662
12.014633,8.594449
8.51354,6.717927
16.40251,5.825055
7.831287,6.314788
12.097041,12.987761
8.393188,6.526141
11.961975,13.087257
14.304198,8.03121
12.379952,8.673336
11.912452,10.749147
17.408953,5.2437024
14.424553,7.248456
11.243757,13.478879
6.0687337,5.350771
15.945079,6.773785
12.0814085,11.253197
17.73166,5.8587155
-5.071431,8.052338
16.033861,6.8353643
18.505701,4.7811627
-2.3953652,11.143931
11.189242,13.30506
-0.69895107,3.512172
7.981058,7.9962015
-5.2301426,8.337004
18.226997,4.4582562
12.618004,8.85403
-6.7951694,11.710188
12.952791,11.588498
-4.042439,16.404959
13.897003,7.8492084
14.91534,6.650869
2.2634537,4.197169
5.7771683,5.622398
16.223536,6.7807117
8.38269,6.4863157
11.916151,11.104852
4.129644,12.657789
-6.7954183,11.87034
13.690463,7.5191026
12.837534,11.273047
3.8476956,12.655048
-0.8204944,3.443907
12.048609,8.88808
12.136603,10.4255295
13.116327,8.529318
16.074831,6.0742426
-6.0893908,11.683649
1.983011,4.1708527
-4.997143,8.156143
12.005258,13.476321
7.9173646,6.2773204
11.492413,8.719519
7.7503223,6.195079
12.248599,10.411751
16.001259,6.833371
10.171124,8.098018
11.623648,13.567219
11.267346,13.496077
12.5636015,9.960071
-4.4444194,11.632469
7.9759774,7.6296387
12.019371,12.908966
6.155344,5.545906
12.524646,10.159473
14.142245,8.152876
13.876315,8.08685
16.16397,6.678933
14.868175,6.6411157
2.2310255,4.161182
11.51105,8.6753025
2.956908,6.3503256
0.8111795,3.8521
14.471471,6.890058
-4.792027,16.005133
17.893337,6.082924
12.1713,9.876302
8.845347,7.427121
11.646537,13.544039
0.16715913,3.4719148
12.597332,11.449862
13.146236,8.891564
13.584635,8.39733
11.314807,13.541906
12.665028,12.165009
1.521747,4.073279
15.023588,7.049537
12.153436,10.994872
18.177893,4.457649
12.636429,12.164338
12.47494,12.512649
10.15232,7.9181824
12.965144,11.643599
12.210846,13.410227
12.027996,8.905041
11.963058,10.660262
12.11854,11.270173
12.165844,11.215999
-5.3908005,10.583287
12.011578,11.955886
16.675285,7.142126
4.8945956,12.046221
8.682027,7.409135
11.92783,11.063594
12.762113,11.023426
3.0287957,4.7777605
17.857141,6.1363964
0.3521112,3.9840958
7.726464,6.560973
2.1645823,4.1688447
-2.0016918,12.062247
13.4134445,7.377233
11.643679,8.544546
11.934258,10.184989
13.570153,7.5516434
-0.53971297,3.3870304
12.135678,10.122453
-0.6380265,12.305908
4.050458,12.35025
14.0932255,8.922135
11.9505205,10.899198
12.852951,8.932244
12.213751,9.191503
5.633747,6.6092052
11.898466,10.338238
0.07188267,3.4800396
-0.029675826,4.784113
12.170574,11.08618
8.046827,7.4211197
15.868334,6.3688517
13.721464,8.053684
0.0053369105,4.3480434
12.03485,8.944195
7.794881,7.309921
12.998411,11.591021
2.6270308,4.3717117
0.5489711,3.903216
15.982273,6.17235
14.607902,7.441071
12.90349,11.685712
11.274113,13.516421
9.234564,7.8491325
12.903133,11.682718
2.3509693,4.323752
16.566126,7.3887935
11.247842,8.301697
14.613755,6.8736844
0.28189388,3.5741403
10.110899,7.996044
11.345901,7.9393363
12.22855,13.423313
6.056926,5.7341123
-2.1218991,11.461281
12.20779,13.39391
12.724435,10.996162
-1.7088376,12.079104
14.54401,7.295295
7.629278,6.14235
13.677927,7.2295084
13.927943,7.1701064
7.8663936,6.1834254
0.5885178,3.7272425
12.707079,8.2237
-5.317423,8.543936
13.479179,8.251058
15.935757,6.285004
0.0034758002,5.536887
7.9643664,6.313455
12.225846,13.444681
6.065684,5.158964
18.50793,5.008504
5.7265043,5.3047404
12.968728,11.545969
18.247334,4.631014
17.667168,5.689389
1.1276301,4.6574736
12.558041,12.54123
13.861891,7.2440395
18.172333,4.4462485
12.307776,11.219811
15.637925,6.300676
16.505672,5.750624
8.584348,7.391946
-6.285664,10.554269
11.867395,10.499434
12.554921,12.44837
12.087924,10.592944
-5.9353123,12.324005
5.6728086,5.3287086
6.023561,5.0838246
9.162621,8.118116
3.4717808,4.9060416
7.9060106,6.3191996
15.089162,6.6507645
12.958858,11.655433
17.929699,4.992835
12.125507,12.325059
11.674624,8.598341
12.728036,8.871501
11.9457035,8.510742
13.498243,7.718958
-5.014486,9.385987
12.009663,9.552854
11.611106,8.519962
-0.5284588,4.9282117
14.711562,6.8921504
5.8645663,5.0918837
8.963014,7.4122334
12.435404,12.60192
13.657144,7.5048933
17.6942,5.3522124
18.15511,4.412632
13.730149,8.3667965
15.005638,7.1314573
13.569967,7.375345
8.695182,7.388271
2.2955406,4.2192483
13.579958,7.300848
13.603433,7.9775414
6.5299535,6.04832
15.50705,6.8966165
11.197253,8.236756
-0.420991,3.5555503
5.1113887,11.807067
-0.33179957,12.458233
15.18301,7.0250697
3.0087247,6.298566
11.21931,13.417401
12.227238,8.877331
11.42882,7.97872
0.88760865,5.661415
12.214122,13.300097
12.50788,8.922491
11.989246,13.0369
6.0425267,6.3547916
5.859887,5.6615653
18.200153,4.436813
12.531754,12.087027
11.929342,11.020603
18.53381,5.056983
12.51441,12.614368
3.1509979,5.637135
-4.7784195,15.715815
11.919452,9.486375
11.893217,10.259711
0.1364832,3.4623206
8.880551,7.3492174
12.592737,12.19571
7.6104655,6.107595
8.097905,7.4644117
5.940503,5.0954876
8.445019,6.896723
12.251211,13.421572
13.653457,8.115758
11.648436,9.081711
5.6623983,5.346071
-6.020344,10.009802
11.511172,8.816317
0.19654278,3.471629
8.491938,6.679189
-5.0438805,9.082496
11.890013,10.010927
11.94523,10.562396
14.266478,7.5442657
12.337989,9.050912
5.592417,5.882282
16.007038,6.6579123
5.9709396,5.4340754
14.056688,8.031948
11.968519,11.051883
-4.916004,9.295847
-5.023225,12.681867
18.26684,4.4339447
11.204453,13.40531
5.603627,5.6980166
13.593248,7.328263
-5.288384,8.723237
16.406815,5.7862496
12.430654,12.83067
12.636498,9.809076
12.905249,11.565921
12.611057,12.233177
11.957961,8.523623
3.1051397,6.612507
12.533264,12.582474
12.483837,12.564882
12.844119,11.217928
16.0985,6.0389166
11.632857,8.624587
15.940101,6.191503
15.126542,8.345404
11.992954,8.439753
13.887865,8.155909
11.394449,8.926378
-6.7588263,11.929733
11.994075,12.879694
12.542892,9.864054
12.613724,12.16154
10.266772,8.143601
12.19265,12.893345
12.60248,12.080536
12.195138,9.025388
8.289851,6.4229717
12.418143,8.088614
-1.6421632,12.008364
12.482808,12.5509615
12.805212,11.939051
-4.9589105,9.909523
12.024194,10.515297
12.286797,12.895179
2.1335583,4.1208897
15.904247,6.3918905
12.325574,8.758248
8.0004015,6.2999506
5.960429,5.942339
12.531648,12.073033
15.742369,6.352194
18.10196,4.619716
1.0676421,3.8746834
11.548508,11.944444
13.832753,8.112356
7.8162065,7.284097
12.625815,12.112073
11.978534,12.124358
17.68477,5.4514904
15.352393,6.971391
2.9442372,4.812741
12.6186285,10.01794
8.070073,7.4363065
8.191397,6.5114737
-5.252841,9.332244
-2.121692,11.436528
11.976312,11.48846
11.985745,10.880089
-1.5235708,11.914747
12.14729,9.181365
12.931417,11.721958
1.4457743,4.683174
8.213855,6.5486264
-0.41117,4.389671
3.023943,4.7527895
2.10964,13.368909
17.671875,5.034083
11.9625845,13.055097
6.25354,5.3740587
12.842233,9.18134
-0.38911867,4.2355285
11.833364,10.520997
0.33970022,3.8334594
18.215836,4.4041157
0.19592199,3.4717607
-4.5267057,16.285942
12.333616,12.938473
16.042938,6.071907
17.605137,5.5336814
9.98527,7.7922883
-0.6699807,3.3874176
12.993163,11.591599
11.78475,9.526407
13.967484,7.865187
12.485181,9.131068
13.663012,8.007356
8.603729,7.3451934
3.2628427,5.490822
-5.9956746,9.9576025
0.9385345,4.613389
13.661523,7.4168844
11.9171095,11.658211
12.484997,12.708676
11.985209,11.248363
11.983238,8.474744
12.039336,13.03877
1.1686475,5.0313444
12.484302,12.5630665
11.175392,9.651226
12.615925,11.791571
-1.8590827,11.619201
-1.6844912,11.684229
15.405779,6.94938
11.622656,13.52571
17.721533,5.4508677
-4.232454,12.56634
11.318322,8.685126
-0.9950222,3.2821622
-6.071345,12.382558
17.674063,5.5690894
3.0154285,4.8363314
5.6079288,5.7761154
1.0652688,4.388995
-0.14823078,4.47421
1.042043,14.138003
0.30539137,3.535262
16.205517,6.9147635
-5.1215415,9.8846035
15.961426,6.461905
12.22346,13.411482
12.876169,11.770726
17.953718,4.7438965
13.760525,8.8065
13.8443775,7.7649236
13.90667,7.195087
8.075194,7.512138
4.52171,11.954705
1.3131675,14.217718
-1.1554623,3.254334
-1.1796061,3.250877
13.644423,8.179642
12.065415,8.584775
14.771092,6.937775
17.771805,5.9127116
16.430738,7.1752467
16.038664,6.18644
2.9463174,6.3060656
0.072812326,3.504856
13.73068,8.149131
-1.6569271,11.720094
16.508093,5.774112
8.133716,6.3666873
15.5804615,6.8560324
-1.6566136,11.731757
12.810264,8.99874
17.520119,5.1607065
14.20938,6.961803
0.36405915,13.728069
14.064424,7.7982206
11.256851,8.680904
14.084389,8.126797
13.160163,8.969779
18.256657,4.5316396
16.440895,6.909512
0.9632008,4.6310744
15.609269,6.8495607
18.349983,5.1734123
3.012101,4.7653
12.242927,8.853049
11.988437,8.481812
12.343485,8.691747
11.979313,8.52973
12.058042,12.015458
11.306135,8.193877
12.659666,11.415805
13.304675,8.310877
2.9707282,4.740378
8.841759,7.128984
12.125496,10.922704
1.9961711,13.117264
2.5348089,4.3393755
8.029161,7.370246
11.9744,13.173144
5.723681,5.3335133
-4.8309236,15.616364
18.532188,5.079824
-5.7845874,12.441059
12.109173,13.259776
-1.1408589,3.2741432
16.562847,6.971019
15.233037,7.1422133
7.993397,6.3925667
7.7695847,6.335019
12.163839,8.913617
14.112706,7.6701703
14.273876,7.499853
12.801606,9.166736
12.760964,11.765834
11.992904,8.630573
17.87356,6.029678
-4.4424915,15.417053
-3.9628549,15.453856
12.262956,10.276654
2.3760848,4.241236
12.422287,12.805218
11.596635,8.838564
11.615592,13.583805
-5.457936,9.957631
12.873429,11.805924
12.020593,12.843695
12.01094,8.796729
8.47156,6.6734486
-4.708627,8.733296
-5.4367104,10.60817
-5.8381305,12.459567
12.848566,11.789085
12.988334,11.570055
14.902493,6.794348
-1.6058748,11.764855
2.6887414,4.4579415
12.012378,13.464671
5.751557,5.33485
5.9924736,5.6723485
6.283283,5.43042
11.750634,10.316286
0.180519,3.4790447
0.25865114,4.8416266
14.849138,7.517115
12.917478,11.742342
8.052645,6.4299216
13.723052,7.9696016
11.915078,10.696103
11.910918,9.107063
-5.462765,10.591993
-5.2757344,10.702557
2.2048194,4.160445
-5.4684772,10.516846
-6.011258,12.369733
12.674507,11.340841
11.185538,9.034434
5.5589547,5.8867307
2.666883,4.4444256
12.289087,11.055228
-1.1840788,3.242549
12.1931715,10.252663
12.104764,12.911929
1.02486,13.197298
-0.69155544,3.407894
14.520157,7.473757
12.832982,11.816333
12.463533,10.204523
9.149062,7.521746
6.0698047,5.6755323
12.413186,12.698232
8.407952,6.5088086
3.254135,5.441245
11.385604,8.0288315
12.262195,11.107619
12.946736,8.678545
11.972238,8.5879
12.353728,8.851268
8.305468,6.590414
-4.4874415,15.37802
12.429351,8.759649
12.467098,10.37215
0.9207029,4.621715
-6.755262,11.930522
12.721883,11.12988
8.786211,7.225206
3.12249,6.597232
17.517763,5.2762465
0.08329526,3.4669282
0.27190757,3.5788999
12.1810665,13.434219
8.228143,6.481517
17.767942,5.897879
12.528219,10.465299
12.156573,12.652245
12.409508,11.772006
-5.4507146,9.411655
-1.4806978,11.845677
-0.36101025,12.458917
-3.0219734,14.649802
5.97925,5.1008754
13.482827,8.202819
-1.2226366,12.114907
12.680589,10.030983
6.0985093,6.798485
16.218288,6.5656986
-1.4776515,12.023408
12.767211,11.800354
14.586645,6.778285
11.302577,8.23562
8.027097,6.912645
-4.598211,15.393667
12.053284,12.249727
0.27231377,3.6141737
11.865837,11.257287
13.945312,7.5371394
-3.9940524,12.47351
12.938044,11.571575
11.916872,10.100342
11.217266,13.429578
8.009863,6.4451337
12.787869,11.241716
5.7958417,5.6098247
8.28516,6.559289
11.351988,9.026405
2.447861,4.2947574
16.066412,6.696164
14.373307,7.880386
17.855934,4.789784
17.595451,6.432784
12.6671295,11.096248
13.0120325,11.621108
13.87515,7.1355867
16.616903,5.745231
11.924323,10.480511
12.763028,10.90658
11.357647,7.9317193
6.0247226,5.0870376
17.60958,5.001881
14.878529,6.8178825
8.760459,7.407677
0.9731765,4.7532215
14.102447,7.396999
11.24317,9.738802
14.507289,8.544269
15.063799,6.926672
-1.1647571,3.2426567
-4.0108523,12.487959
12.51485,12.57618
12.763717,11.267561
9.395986,7.8699164
17.821747,4.817306
12.0469885,9.991717
0.8724797,3.732248
7.870517,6.3993497
1.0183231,4.9308004
15.997967,6.1198363
15.073217,6.5925694
3.66941,4.9121895
17.48511,5.1680436
-4.743822,15.575809
-5.391451,8.762008
11.411848,7.963091
11.22726,8.204801
11.3117285,9.430188
17.992828,5.1028934
2.9664996,5.6944413
6.398813,5.7306414
11.31668,8.042239
11.952054,11.167783
7.7934566,6.6554537
12.631546,12.07869
0.29493237,13.4340515
12.452382,12.695792
16.464571,5.785046
4.468877,12.367614
15.324949,8.174251
-1.1320082,12.128795
0.82194924,3.836043
-4.5229115,11.736506
12.170121,10.295765
13.882719,8.081639
15.213326,7.040291
11.513932,9.210449
1.1286325,4.9520793
15.931753,6.442816
12.588434,12.106382
3.1977262,5.7455297
11.370804,8.850687
12.604327,10.38744
12.256758,8.90521
12.435738,12.794051
16.234678,5.932301
11.980058,8.63153
13.186121,7.4397073
12.059866,11.949917
8.025654,6.437361
12.113735,9.74375
0.27872083,4.612315
8.431322,6.615927
8.097247,7.3211904
14.246405,7.288227
12.157825,11.135995
11.945174,8.447701
8.516519,6.696094
12.08793,10.736241
12.130254,9.95052
11.85403,10.325397
12.897667,8.951031
14.263506,7.4466496
4.1841364,11.918187
16.1594,6.0019193
12.870849,11.20734
-0.8284697,3.5624442
-0.81594026,3.5036504
-5.062171,8.89328
-0.5350516,12.301403
6.2105765,5.2417107
12.143746,11.075618
8.330216,6.572819
12.7896185,11.391125
16.098751,6.522993
1.5157791,4.0690074
11.211551,13.433493
11.993121,8.480458
12.013737,10.464969
6.291814,5.895315
16.281363,5.893549
2.9934042,5.618168
-3.3880002,14.122928
12.087734,9.245158
3.5272245,4.967931
2.9353137,6.02447
11.848538,10.337153
1.5728554,4.2020073
12.941058,11.673731
13.596075,7.6634445
5.641334,5.6245165
11.350082,13.536206
13.676768,7.3524947
11.25372,13.490597
-6.535643,11.711154
14.242489,7.2700043
12.084183,12.891017
0.97676754,4.7323112
12.86549,8.654784
12.903107,11.739687
11.864106,10.406466
0.8454284,13.36183
14.477265,6.829091
15.990085,6.134154
-6.1826706,10.438368
11.569376,9.689798
-5.1805224,10.619692
5.661003,5.3540425
11.149772,9.19672
12.114718,10.5451145
12.870367,11.827388
0.121814,3.4602513
1.516726,3.9895306
12.286709,8.838293
9.276642,7.7186127
0.91499144,5.658144
12.179382,9.083522
11.949582,8.507244
-4.8752437,10.594883
9.229406,7.573825
8.83822,8.469944
11.209748,13.418589
2.2519875,4.2238965
16.464802,5.807058
11.953168,8.608406
14.831505,7.145907
5.835062,5.614829
14.79955,7.9817715
13.9691105,8.8957
11.636324,13.4731865
15.935377,6.3573966
14.401384,7.3467207
14.283122,7.6809154
12.005854,8.508043
-4.972283,10.800938
12.502721,10.64872
14.098737,7.066102
17.675152,5.304184
11.791978,13.306724
2.9706256,4.801173
-0.057960976,4.603528
11.868606,13.234954
5.8831115,11.971123
1.1750952,3.9846134
-4.3835464,15.340147
9.317837,8.032841
12.068737,10.307803
11.83604,10.43474
12.020659,10.463773
-5.6239395,9.572845
12.135932,11.268878
2.724363,5.7584667
11.988106,9.184717
-5.458931,9.668079
2.9525025,4.7955565
-5.9572783,10.159168
0.8506335,3.766597
13.903711,8.949144
8.262378,6.4240975
0.32859665,13.710986
7.989927,6.4471445
13.956443,7.9738665
-6.5863495,12.0497265
12.614005,10.631322
13.965827,7.897166
16.172905,6.5640464
12.118868,8.537198
13.740604,7.7490396
3.1871612,4.8565993
7.973958,7.469264
13.368526,8.480267
11.95717,9.916802
5.791759,5.3447223
11.506753,8.00271
13.711524,8.101167
14.255244,7.065697
6.27499,5.440914
11.569522,13.560072
8.24104,6.3963137
1.1249763,5.846548
11.818225,10.985418
-4.671391,9.079778
8.350783,7.3704333
9.362746,7.626967
11.433046,8.024684
11.98922,11.253793
11.967762,11.897662
3.8624458,12.806769
12.042131,10.784506
12.707658,11.55369
5.919995,5.951968
11.195277,13.420874
14.18824,6.9650464
12.075642,12.85012
12.129395,10.823817
3.0470417,5.912875
8.007057,7.4400134
15.121816,6.9593844
-2.0299547,11.511747
10.332501,7.884711
3.1561399,6.652912
8.083456,7.409451
6.155924,5.259144
17.803223,5.165153
8.823566,7.4383388
6.070533,5.966627
12.242259,9.612232
15.234613,7.456221
-5.447987,12.555432
9.12154,7.69426
11.844457,11.229128
14.518253,6.8886595
8.331124,6.5435524
9.068251,8.202391
18.114286,4.5123153
5.757252,6.435397
6.8484526,11.723106
-3.929949,16.348803
0.9789754,4.3398695
-4.3731017,12.709985
0.3741865,3.727555
12.986313,11.621885
12.198686,9.608714
10.421371,7.82175
13.340799,7.406316
8.038034,6.2658587
-6.5638447,11.744372
11.392082,8.717364
5.5662985,6.749604
7.626455,7.4007206
12.608174,7.96655
11.918491,10.909189
15.92951,6.345262
11.93112,11.911126
16.030188,6.505036
17.985207,4.9881682
15.903035,6.4910893
15.025825,7.1459255
-4.6133738,8.920418
-0.31017703,3.4195483
2.2703912,4.1813664
-5.8620324,10.180283
12.230995,8.6944275
5.6588717,5.434212
7.6147947,6.2080336
7.9221044,6.412241
12.166324,10.878311
12.035432,10.582031
0.1900239,3.4822314
8.041558,6.3895073
-5.3673253,8.786619
11.925999,9.382767
15.944762,6.347723
11.277175,9.623795
11.951541,10.777472
16.060244,6.4776835
14.45051,8.390767
11.881528,10.726742
12.637731,12.241657
0.85554916,13.94821
11.847513,10.19989
0.8588531,13.236093
-0.16737245,4.751061
15.900915,6.8392124
13.148979,7.4802055
11.278489,8.721866
12.111951,11.253261
13.723038,8.207844
-4.021251,16.405006
18.119286,4.464367
17.68542,5.748742
8.087297,7.3934383
-0.87678695,3.4186616
-5.665788,10.438003
18.120424,5.183029
-5.018586,9.214081
-4.294931,15.367125
6.0873713,6.845939
11.129507,9.18648
-2.03254,11.5065775
0.9478781,4.8614097
12.050419,11.7459545
12.259422,13.331596
7.8946357,8.31745
5.3159604,7.5581117
13.44087,8.360843
11.461099,13.484977
16.070108,6.638582
3.6928635,5.139608
5.7168293,5.226468
-3.1906843,14.735984
11.8157015,10.321693
5.6684227,5.3128624
12.05726,8.531273
14.926181,7.2047715
17.750557,5.339727
2.0691366,13.58156
-2.4103255,11.126714
14.334541,7.353719
12.038057,10.642262
13.605655,7.5503325
15.70081,6.6828313
12.219107,9.167191
11.85829,11.117086
14.966683,6.856855
5.7322536,5.295478
-4.4459553,11.509532
12.029598,11.011045
13.038471,8.668374
4.8092766,12.374245
5.696802,5.564447
2.5011466,13.230459
-1.1830211,3.2387655
12.2276,13.375067
15.979544,6.4606724
12.120519,10.755868
-2.0761294,11.498353
-0.042231705,3.45764
15.927295,6.3005314
5.641364,5.3849072
18.189917,4.487541
14.272518,7.972382
-0.5313662,4.909999
-6.411875,12.083158
-5.464426,12.511599
5.6632347,6.4414606
11.3574,7.91816
-4.3014445,11.944026
5.837641,6.4992537
13.094103,7.5070276
13.385819,8.5103655
14.289304,7.237423
11.923825,11.189118
-4.818102,10.871502
2.156584,13.464002
7.8570666,6.209675
12.235907,8.7816
17.904343,6.178133
12.924511,9.014815
-4.219032,12.691611
11.961317,8.53909
12.85662,11.570148
13.009616,11.609747
1.6459516,4.171615
2.9535663,4.6906767
16.048212,6.3783107
11.95374,10.089122
5.671816,5.3029594
13.64029,7.3617377
13.805487,7.6193075
7.6120625,7.1247234
11.889068,13.183467
3.034273,4.7961235
6.2656803,5.909184
11.169238,8.985823
12.892261,11.725236
17.974285,5.158252
10.557184,8.231819
11.974219,8.541695
13.744513,8.205695
-6.719169,11.96992
2.2408395,4.1741543
12.846865,9.089977
-1.2319616,3.1870475
7.8117704,6.222357
12.100711,12.768881
11.9473715,13.027921
-6.7935095,11.9765
12.137892,11.2256565
18.509235,4.81296
16.496317,5.7897444
-4.691366,15.6480875
-4.9303193,10.804936
12.970596,9.003958
12.918849,9.048899
-4.0220304,12.389087
-0.0391979,4.5005956
-0.4505998,4.329907
11.327664,8.63386
-4.768712,16.388605
11.627296,8.420054
2.9477108,6.4287386
0.03853977,3.4683762
-4.631643,8.946192
3.208633,5.1379647
12.012106,11.917676
16.063602,6.3825316
12.025206,12.902394
3.1795394,4.8776283
-0.5066845,4.165651
-6.3003407,10.568537
14.377363,8.025724
15.862744,6.363046
8.405307,6.4990644
13.57746,7.33739
12.022733,11.741729
13.330049,8.441063
1.2031897,3.8717198
0.8744151,3.7959375
1.2270925,4.237604
12.015866,11.708252
1.4193337,3.9259255
-0.56228346,4.940888
18.175253,4.4441185
-5.043873,10.727186
-4.9683604,10.294227
17.94392,5.149067
-6.1486936,12.350137
1.4735775,3.9909544
-5.0491395,9.391758
5.38675,7.0613112
13.931683,8.117346
-4.7183385,16.430214
12.416847,12.793143
11.294228,8.974038
11.2896,9.693012
-5.568051,9.386927
12.35485,8.780338
5.381248,7.02537
11.621273,13.511437
-1.2559178,12.041282
17.774183,5.3557787
2.1946661,4.1523533
-0.80509466,3.5904372
12.745166,9.232406
-5.108753,8.9360485
14.434828,8.346491
12.285548,9.251491
1.1782119,4.8682685
6.231372,5.737121
15.098731,8.283339
-5.058646,10.790401
12.127334,8.787122
5.776021,6.5971403
14.017513,8.165183
13.056978,7.48248
11.932606,9.454361
-4.6125035,11.436773
-4.822618,9.942926
15.96042,6.2654586
-0.34313023,12.461629
6.5455017,11.669966
18.180239,4.4209733
-4.5728455,16.195894
11.961745,8.641945
5.106895,12.418619
14.941729,7.047755
-4.8353186,15.693718
16.873438,5.740947
5.9340854,5.1934495
17.962624,5.200522
11.245673,9.6530285
15.877748,6.782515
12.02938,8.443576
14.14542,6.9949346
5.636248,6.5957227
-4.8506365,8.72399
6.0203075,5.111305
-6.1190467,11.741905
1.633142,13.595799
4.4057055,12.117915
-1.4620386,12.015743
11.248171,8.978696
8.071231,7.3824086
11.960629,9.321886
11.261286,8.895007
17.847935,5.3986807
12.7245035,9.923612
0.836896,3.8103697
-6.632363,11.767738
15.913886,6.6623273
12.162376,10.576675
11.230549,8.849185
-2.224462,11.351778
15.024422,7.8749475
-5.250513,9.188779
17.306087,5.4023438
12.034501,12.882307
3.8959312,12.773843
13.443096,8.664835
15.829566,6.394508
-0.02576188,4.9313416
1.2399392,4.3417044
9.053846,7.5517983
-4.323068,12.741717
6.3353233,5.9753613
-6.057367,10.399811
12.22617,13.411241
2.9711082,4.775429
-0.6661775,3.3525627
0.0110669,4.894405
12.232953,11.890052
6.0242324,5.1552196
8.0883465,7.410869
0.4968769,4.7925124
-3.9498827,16.395966
-0.04623441,5.099213
15.026338,7.38848
17.874424,5.1581373
5.100321,12.345683
11.605546,13.576683
17.544474,5.709565
1.2854308,14.1883135
0.107508786,3.5283422
-2.23932,11.665432
9.425904,7.6386576
0.9132413,4.0684133
8.008218,6.4320903
15.836821,6.5320597
17.934023,5.988703
15.0218,6.681027
5.770705,5.3107204
16.660774,6.8643208
13.762705,7.334964
4.295892,12.725675
9.301782,7.667572
8.337281,6.607483
14.874487,6.816933
1.5912066,4.791911
13.973278,8.032055
13.724753,7.4995737
17.707453,5.922934
11.943397,11.954753
15.962296,6.5653315
17.968384,4.8331013
14.353195,7.9962325
7.9405437,6.4051175
6.0829473,11.957103
14.996581,7.510235
13.596446,7.7713304
6.178263,5.491424
15.012068,6.612626
7.9608693,8.610467
-4.881691,10.69222
8.071706,7.354043
12.960345,9.073427
14.26775,7.9939055
0.17872463,4.779162
14.214803,7.7743573
17.620222,5.651592
12.576044,12.256729
13.755767,8.100427
12.332948,8.8968115
14.0817175,8.145298
2.9587905,6.2377415
12.799755,11.830866
-0.7295174,3.4248447
0.01282109,3.982562
18.566706,5.0300503
-0.21931362,3.4566307
8.694753,7.405296
-4.718162,8.757933
5.050593,12.107667
1.49072,13.628978
14.222087,7.3287363
13.342705,8.4317045
15.957362,6.547535
-3.660586,14.368011
2.151247,13.463766
12.339342,8.967961
2.6153948,4.38287
11.957902,10.292816
2.1572275,4.1950603
12.414317,7.822582
12.112446,11.292029
11.988598,10.403503
-1.9969243,11.531289
9.393002,7.7230268
-4.8479605,15.477962
8.06112,6.306003
0.16113515,3.5968788
0.13770303,4.8980246
7.709363,7.1888666
-4.8258767,16.275726
9.297252,7.7059116
14.293491,7.3387523
11.862655,13.317136
5.643016,5.640876
-4.3325834,15.869725
12.48696,12.110807
9.114151,7.967278
16.009851,6.1441894
11.9784355,13.021285
1.103794,3.8449123
-4.7926345,16.390219
-2.3645976,11.179555
16.303747,6.653809
18.509972,5.1342373
11.428667,8.010618
8.039402,7.5462704
-3.0999856,15.060965
6.1622806,7.4845295
14.773344,6.7108264
-4.4895616,15.330496
11.152591,9.174478
8.048883,7.323024
-0.7452253,3.3722413
17.6893,5.5406547
18.562538,5.0493674
6.5346775,5.8237925
-5.07922,8.133955
9.863184,8.223044
11.21939,8.615253
15.044223,7.525563
-6.7888126,11.846918
17.98902,6.017562
2.4745455,13.299993
6.122899,5.6131797
-5.395457,10.585285
13.243155,8.61754
5.663688,5.7289305
1.4991536,4.697285
2.9788587,5.8521795
17.706434,4.994086
8.124318,7.372484
-0.66098213,12.291277
15.99354,6.495093
13.616668,7.9803624
5.8810854,5.7095895
0.8138131,3.8928165
1.3864149,4.941275
0.11024728,3.4650788
-1.1508433,3.2526035
-3.6395226,15.439088
14.506014,7.3599153
13.683177,8.6577835
1.107463,5.8638268
13.529192,8.361443
18.233574,4.4397974
0.098685585,5.2228274
12.0844145,10.085528
7.80095,7.480065
11.314296,13.521089
0.44148025,13.87306
2.256974,4.276309
3.5670505,12.494195
12.1988325,9.305093
-0.39840764,4.440195
-4.8459044,8.638688
5.6351914,5.4622545
1.6562865,4.322799
-0.63352734,12.245359
3.0864573,6.5428147
6.2869425,5.985696
-0.23050763,12.538629
12.1362,11.315057
12.086003,10.306928
11.8312845,13.155976
-0.67735535,12.211722
18.430288,4.689365
3.0860565,4.9331164
-6.383295,12.165931
4.190636,11.908783
12.062944,10.444334
14.646566,7.611544
11.374157,7.925191
6.1604714,5.9908953
0.9471311,5.2568326
-4.0748158,12.470254
1.299584,14.2161665
2.9590995,4.8095345
11.885409,10.3543215
12.428782,12.905755
13.5467005,8.436951
-4.610556,8.797522
7.7907605,6.604872
-5.854165,10.373443
-4.635401,8.896669
0.3903876,3.5848541
15.587092,6.845291
-3.5074058,14.132856
15.88623,6.4548182
12.566133,10.936656
11.144035,9.142007
0.030003276,4.181191
13.81304,7.570461
16.217077,6.6287456
-4.521378,8.976004
5.9679947,5.859172
-0.66433835,3.5683084
15.024663,6.916771
-0.4571389,12.360564
17.645887,5.6232862
8.1350355,8.016982
-4.781258,15.786647
14.190544,7.2264853
-4.14727,16.43976
8.353594,6.483217
12.445914,9.326182
13.529301,8.788757
18.356836,4.5096827
-0.70722806,4.444654
-4.951969,8.879208
-5.0329447,8.895911
7.7328777,6.98873
-5.905135,10.132362
12.658597,7.742531
6.1465926,5.2779145
-5.010735,8.107024
15.904565,6.28397
-6.0907526,11.689716
1.0354873,14.193599
11.81062,13.217932
12.078101,10.900771
-1.2876445,12.106614
17.55349,5.200905
-3.6915786,15.60309
2.9397824,6.1070633
12.194495,9.012354
8.863127,7.036098
3.1724012,5.761843
-3.2743604,15.014346
8.079252,6.3883734
15.090893,7.5973277
14.632664,7.6794515
-0.018639013,3.5027294
11.928612,10.441102
5.1256766,6.583428
5.999241,5.8315897
14.391688,7.4474506
11.2073345,13.304307
0.06892734,4.4464025
11.980796,10.413238
2.0833955,4.134718
12.143983,10.380848
-3.1632493,14.131916
-1.2815938,12.0950365
9.477046,7.8184376
17.894754,4.9033055
0.2799607,12.884277
11.114576,9.23143
8.057388,7.394517
11.056624,9.096396
17.874622,4.923242
5.5283957,6.7857456
0.88295704,3.8039172
-3.205154,14.818905
9.24854,7.9710493
14.471516,8.149929
6.3259945,5.960745
12.063756,10.760265
0.88689107,13.607646
8.955976,8.262709
4.7069764,12.464899
12.141221,8.208903
12.13161,8.5993395
17.759274,5.4451404
0.9601367,3.8279803
8.118028,7.4231167
14.416666,7.38857
14.903352,7.8024983
12.03981,8.522397
11.250656,7.866275
-3.053741,14.1960745
7.7238703,6.612152
17.853354,5.170839
5.982636,5.978509
5.376961,7.0583205
17.732347,5.510518
8.165362,8.0302305
6.3785977,11.849088
-2.349253,11.203195
-2.3687932,11.1709385
5.589437,5.964828
14.336692,7.807988
-4.0508137,12.355066
-5.280576,10.338604
11.372167,9.125896
9.966901,8.1983
-6.2955403,12.169185
9.08063,8.250014
11.916939,11.106638
11.828941,13.1133585
11.287267,8.963533
0.9400859,5.2377095
16.107044,6.7422276
7.9922695,7.3401537
5.153856,12.111987
16.08298,6.125122
-6.281163,10.558297
12.419299,9.880283
14.316963,7.3495703
13.872554,8.136013
12.561502,10.917992
12.055564,12.6494255
0.091160305,4.524834
12.137945,12.014679
6.126834,5.5331774
3.9167767,12.765169
1.738015,4.1630692
18.0852,5.1817694
11.993176,10.946381
12.348247,8.921245
-4.8308115,9.713618
1.1979495,3.8848345
13.597363,8.403452
-5.1395583,9.289008
9.648788,8.066437
-1.3484426,12.046153
12.08537,11.0741
14.477653,7.454756
11.845093,11.686442
6.2366595,5.365292
11.9018955,11.242827
2.3911648,4.267324
13.335224,8.561296
-4.2076845,12.298025
5.9281726,5.865191
5.5844307,6.749972
-5.0886903,8.072383
12.630481,11.69095
17.53847,5.1316714
8.502925,6.627194
7.569968,7.3216405
8.896877,7.485766
-0.07235332,4.3716555
3.0564697,4.8021526
3.1438003,5.493085
9.744301,7.9252386
-4.317919,12.621601
14.944363,6.673166
2.3459468,13.285229
11.842006,10.836276
11.097867,9.191121
0.15799603,4.1056933
17.67541,4.999741
13.813866,8.77798
13.679512,7.4078283
12.343541,9.002666
7.9695506,8.606832
11.980619,9.209621
-3.3332434,14.995123
15.969804,6.2214713
4.17515,12.27084
0.32904887,3.9497542
17.835321,5.2044053
16.061066,6.5120544
3.3278425,5.2108483
15.103583,7.589169
16.06592,6.762886
-4.7683077,8.595572
-5.132179,8.699257
-4.6735945,10.981023
2.200637,13.42369
-0.5970818,4.929639
13.745842,7.9841537
8.978486,8.076454
17.545528,5.6751027
13.860476,7.580633
5.919165,5.871119
11.815751,9.896528
13.160312,7.4568825
3.2036777,5.3117466
11.234684,8.875445
5.7998524,11.946799
-4.8883557,8.860802
15.106062,7.6018925
-0.094338335,4.562382
12.434205,10.346689
1.3630124,3.9531677
0.82437795,4.275345
11.447974,9.688699
2.9792929,4.761522
1.1332567,4.535338
15.021475,7.075578
9.387374,7.7091956
-5.0482197,9.125091
12.306187,9.290675
0.3894037,5.637303
-3.5802052,15.635865
15.117633,8.319721
11.926551,11.324956
12.2960615,12.847997
17.545576,5.219815
16.06817,6.437835
11.82846,9.597636
-0.7943426,3.4313567
-2.072903,11.472925
2.96998,6.049451
16.556429,6.9467163
17.853226,5.1686544
3.337045,5.0410676
0.56497175,4.0335817
-5.6589355,10.4161005
-3.3186016,14.203635
1.1929438,14.146111
-3.203992,14.107405
18.52746,5.0509524
-6.142705,11.725222
-5.365768,9.817817
6.108297,5.158551
11.108229,9.248134
5.0597825,12.415118
13.876626,8.485125
-1.2656463,12.086487
13.536955,8.653531
16.356964,5.9043164
12.6129875,11.311758
5.6586485,5.632933
13.541402,8.673184
0.45719168,3.8116605
9.472221,7.8740635
12.000625,9.995846
4.972139,12.240881
-1.15937,3.2501094
-6.2479424,12.363027
5.6111917,6.782864
-0.62052,3.4148438
14.762764,7.5455337
-4.9766946,12.678777
5.702381,5.366611
5.1733,7.531957
-2.3809235,11.158885
0.06845813,13.334622
-2.2011995,11.371835
18.34353,4.571381
17.639421,5.3263326
12.525065,9.218382
5.656128,5.2385592
13.598976,7.916968
2.0651932,4.120411
5.991133,5.839773
15.932713,6.372742
14.442892,8.151316
15.883592,6.261129
2.3002698,13.33941
14.005584,8.047607
18.448513,4.6885295
6.0284166,5.820687
11.92438,9.530765
3.1409786,5.273582
12.73396,9.329525
2.2865798,4.1968646
0.9332549,4.455241
8.405934,6.5229244
12.126526,10.881152
12.028273,12.128787
-4.514412,8.900254
-5.484296,9.7255745
0.2481091,13.490397
2.520402,4.3687778
0.1553416,5.523355
12.556448,12.458801
3.1273243,4.8120933
1.1049263,5.889805
17.545376,5.153918
-6.5907803,12.145955
18.008339,5.1190586
18.48194,5.05676
15.213829,8.27781
18.290087,4.3754945
12.607023,11.5827675
-5.338664,9.209266
0.08481609,3.713768
12.234278,10.572234
-6.110768,10.15998
12.006687,8.927987
6.090728,5.1762886
-0.14273551,5.048116
15.713697,6.757519
-4.0986843,15.773578
17.831045,5.253157
-2.0077233,11.974707
-0.3050023,4.349047
17.759491,5.282617
-3.138995,14.163854
-0.67850715,12.237853
13.0098715,7.660707
12.145923,11.057893
-4.9968643,10.664084
12.4874,10.483434
-3.6355953,14.209918
13.823286,8.998671
14.092681,8.510483
9.073652,8.133301
9.242983,7.71129
2.977708,5.9443974
12.779583,9.338143
-0.6097739,3.3918397
16.346336,7.556048
18.099068,5.477406
-4.759599,9.2016
5.9020667,5.064017
0.9123541,4.812429
-3.3490522,14.345873
-4.7796907,10.6856985
18.580452,4.9537764
14.1809025,7.774195
12.061932,11.351062
0.06451823,5.4549627
13.552671,7.383964
-1.947813,11.545391
4.3829193,11.926691
8.924368,8.132697
14.437162,7.262154
8.35505,6.4628296
17.755972,6.2257595
0.9147742,13.915509
-4.514017,16.405361
-0.54386103,4.9339457
-5.43694,12.498254
11.98489,11.98353
12.7293,11.250265
16.590044,6.962761
-5.836216,9.822207
-0.7145174,3.3425272
13.814982,8.132211
1.0109288,13.664676
15.110492,7.580084
7.801315,6.380195
-4.710349,15.716225
12.515634,8.673898
-5.4643264,10.243412
6.196419,5.91555
6.102032,5.180521
17.725739,6.255769
0.11040399,4.3525405
-5.8709497,10.130142
-1.1471945,3.2594578
-1.1535248,3.2495475
14.4148,7.3478723
1.4078342,13.524003
6.236977,5.386313
17.494284,5.941995
-4.7845106,16.27801
17.624056,5.7498074
12.820581,9.07617
5.785919,5.399644
3.0397007,4.652996
2.9330726,4.676043
9.94325,8.178871
11.997404,11.973803
-4.592064,8.9005785
-5.5090284,12.510723
18.30499,4.4522758
5.931498,5.7779803
-4.824185,10.506496
-4.3408504,11.921248
9.069631,8.130043
2.9136674,4.792152
5.738801,6.300642
14.95664,6.6572175
-3.671598,15.320083
18.48334,4.787334
-4.7647834,9.430205
0.43044522,4.092968
-6.218034,11.759403
5.8837056,7.4994583
9.4439745,7.918841
11.809267,9.556762
-3.9407957,16.351482
-0.88125956,3.4465084
-3.9499776,16.385082
12.395374,11.13822
6.4257097,5.9178452
10.015654,8.215397
4.2326956,11.955701
-4.127057,12.280649
11.933003,13.08362
1.1339846,13.797727
13.681874,8.664083
12.237294,9.072118
11.062086,9.330919
12.014222,8.954251
9.326601,7.6631823
-3.5637512,15.480661
12.395458,12.245852
11.1529665,9.173074
11.295951,9.148106
-5.3232985,9.726231
9.443934,7.7127123
2.6450696,4.458585
11.645966,8.152372
15.984677,6.67211
8.130603,7.491405
12.198742,11.220913
0.3482588,3.8430426
6.160961,5.7394547
3.201123,5.369985
2.9311059,4.9309397
12.802948,9.1429615
12.767308,7.7170653
-4.1899533,12.15288
7.9998064,6.2792325
11.97562,12.065813
-4.55029,12.711065
16.251213,6.9413934
-4.9904914,9.808829
14.140149,8.3308525
12.022389,11.152542
12.17516,10.541154
14.287841,7.2774677
0.2917842,3.793556
-6.2766647,12.290865
17.744162,6.109114
4.4881234,12.344104
9.026849,8.112197
11.780539,9.363813
-3.923524,14.835034
12.22283,8.235248
-1.2708148,12.049714
-6.7971287,11.904632
-4.7245927,16.060738
9.754329,8.359529
18.222918,4.4087653
-4.267872,12.157798
0.7980149,3.8073564
1.6237946,4.2826715
0.64682126,3.9352813
1.5329455,4.618406
11.329835,9.016654
13.770959,8.803778
-6.064637,10.121023
2.964433,6.010652
11.386244,9.418678
12.534505,12.132888
4.989855,12.372631
16.552784,6.997647
12.151238,9.016462
-5.3455067,9.877795
-0.5412048,12.264499
5.482037,6.9397583
-0.17610109,4.265758
17.949001,4.8759522
0.35035145,4.1446533
5.778643,5.721047
1.029607,13.4399605
-0.023023855,4.9323063
12.363064,9.272951
-5.4989734,9.776845
8.001438,8.135154
12.250278,13.382492
13.869582,8.651804
11.519708,13.600603
-4.8101373,8.59199
16.147232,6.7301984
1.7002538,4.3013225
-6.4676313,11.885109
0.9361221,3.9808748
12.875691,7.5917344
1.1743307,14.155818
5.894079,5.8532796
-6.217678,12.083856
18.15784,4.4010887
-4.1074476,15.689118
13.539457,7.3727665
5.445374,6.889669
-4.9020586,15.89179
11.988576,11.81514
13.498643,8.730609
-0.4563643,12.388384
-0.49878678,12.3881235
17.674845,5.59072
6.047731,12.00736
0.96831983,4.6047845
7.619653,7.4595385
16.089048,6.1080093
1.3959374,13.728918
6.1857224,5.9862733
0.97426444,4.9678607
-4.834442,9.496215
3.4798198,5.1356926
-3.4048128,15.064946
12.127443,10.511198
1.6095725,4.4050817
11.88833,11.360214
12.788643,11.853899
16.146248,6.8333755
2.3959088,4.2555227
12.058356,11.517141
-5.297596,9.033412
-5.2525344,8.984055
0.951069,13.173005
14.236423,7.8939953
-0.019040938,4.831425
12.984092,11.514399
16.604235,7.3451643
8.722478,7.326549
2.4199882,13.320337
6.6578135,11.743163
-4.8360815,12.656026
4.637819,12.629328
11.191991,8.704493
16.354307,6.885549
11.899425,11.278709
18.32391,5.444245
12.367296,9.336211
12.122109,10.501139
-5.0176706,10.779841
1.2750924,14.240531
12.103386,11.169867
-4.6673083,16.366486
12.035992,11.824275
5.7173834,5.6744504
4.8500443,12.129548
5.603106,6.5584188
-4.9202275,10.298816
1.7198819,4.2274346
12.539245,11.460462
-4.5674896,15.35581
-0.39524615,3.419061
14.300629,8.089497
5.914342,5.9050655
-5.1717854,9.8231735
0.263635,13.5239935
3.0899189,4.818586
11.864003,11.125265
16.59626,7.366765
-5.04886,8.02229
9.049434,7.684945
1.4206896,4.6822376
-4.242131,12.164922
14.142627,8.049509
-4.7917104,10.945167
14.270559,7.3845787
-0.70839214,3.872689
3.1173344,5.5590787
-5.481259,10.5118475
16.7807,5.694245
12.316147,9.168705
-4.794483,9.71366
9.167229,7.7354674
6.1152954,6.11818
-3.7930434,15.02674
11.957537,11.942319
-0.697993,3.4445677
11.231606,9.010007
15.096333,7.605003
11.290849,8.959807
-4.556242,12.7707405
-5.9175406,10.068088
1.6495728,4.2345552
16.214773,6.9206095
-1.7947211,11.652186
0.90247047,13.1684885
4.277507,12.695076
17.548275,5.6438327
1.3597656,4.7726445
-5.5474243,10.447053
14.224224,8.771405
0.7630916,13.983387
5.628208,6.6606464
5.976616,5.9163127
-4.5528274,16.219082
0.8904186,5.369282
-6.78937,11.910437
5.3635106,7.0824065
16.313375,6.9332848
7.7710586,6.4933977
11.899709,9.264635
2.1776662,13.469268
-5.478198,10.532032
-4.954553,10.8197155
15.593619,6.489966
14.310492,7.9906635
0.89164716,5.5180316
1.1940454,4.601801
9.628178,7.9384036
-4.639006,15.485921
11.858472,9.362678
-3.7917538,15.3362465
9.731751,8.196389
6.034341,5.513274
-5.029099,8.006257
9.829205,8.3797865
0.63029104,13.389436
14.516068,6.887073
-3.5979087,14.232568
-0.08995366,4.7605767
17.727673,5.517883
0.6165557,3.7814536
6.280183,11.8702545
-4.609887,16.255394
7.9236383,8.262552
-5.1162825,8.971021
15.055484,7.8742704
10.983707,9.449586
-2.989723,14.558727
11.828284,13.190278
-3.4527485,14.191441
11.765164,13.441183
6.287601,6.1194487
5.4003677,7.0236773
8.05371,6.4232564
0.18409543,3.5572584
11.797898,10.070908
6.410732,6.043246
6.1551876,5.625583
15.203317,7.4530745
2.6652071,13.116346
-4.825451,15.788538
-0.8761083,3.329981
-6.6178155,12.064018
16.54718,6.9804955
16.488705,5.804548
2.1798985,13.448901
11.704815,9.409895
-4.1505113,12.45567
13.037119,7.5108457
13.547903,8.764791
1.2958707,13.479986
-5.1921945,8.2293005
-2.9470875,14.401602
11.204524,9.079026
11.232685,9.003873
17.332207,5.6589017
12.149151,11.196577
5.9917383,5.868491
5.517867,6.791776
-4.8520546,10.020243
15.826255,6.8521523
-0.6282353,4.90304
12.168343,8.181021
0.047343384,5.4516325
1.4774365,4.7208447
18.555891,4.867088
9.284617,7.7234597
2.7029943,13.022895
-0.96637285,3.402193
-6.141593,12.402457
14.177659,7.4794984
13.024345,11.608198
9.716107,8.400281
1.1988422,14.204305
-0.02289482,4.872677
-5.5004945,9.215839
-4.9139214,10.760122
12.006555,11.958676
0.81905115,3.8689003
3.2106695,5.3402057
2.9451325,5.835511
3.116462,4.7439675
0.13772625,3.9658895
2.2958593,4.2521296
0.89342093,4.973584
5.545007,6.7480383
16.032272,6.969727
6.281334,6.0054464
18.400211,5.3418026
12.46819,11.778784
1.2821612,4.899504
-3.9680817,14.756898
3.1380327,5.3803706
16.104422,6.7290297
11.739189,11.719005
0.42681897,13.869571
18.572857,4.9040737
12.471056,10.422999
11.895824,9.343241
12.647854,9.323893
5.6466274,6.7494674
13.685771,8.778993
5.7819195,6.805458
-5.4695854,8.833916
12.590805,11.405608
11.219859,7.8336997
4.334378,11.899568
11.927856,13.049661
1.1700345,4.8810153
15.165629,7.5402265
5.665973,6.7720804
-2.1364486,11.502134
6.143037,5.2206106
11.099786,9.188824
4.4877605,12.5879345
16.175173,7.0120683
-5.162088,10.757094
15.192064,8.23293
8.023532,7.7288146
-1.6661198,12.044589
-5.0896387,12.654748
7.891418,6.287246
-5.400367,9.739685
0.8514779,3.7741342
3.1568215,5.010974
11.444235,8.54953
13.851307,8.371166
12.942813,11.494892
7.832185,8.882164
11.162218,8.856913
2.2964625,4.211824
-4.7412767,8.723265
9.542874,7.8739433
-4.0502234,16.261114
-1.0021985,3.5038898
-3.1464238,14.459599
0.38946956,13.819272
12.210142,11.232774
11.949646,13.139785
-2.2311018,11.347529
13.052073,7.566307
2.8689477,4.60355
-6.7663736,11.809061
-4.0047135,12.709156
12.245137,11.154032
11.116728,9.220568
11.959421,9.350491
2.9720159,4.8740935
-5.031512,8.086985
-6.187436,10.413709
5.3574824,7.4594927
-4.522277,8.976692
11.24254,9.401255
2.8477585,4.5669346
11.12953,9.16332
3.9993086,12.275867
16.272263,6.7670875
-4.826017,10.266185
9.524669,7.8736815
17.95104,6.1495976
5.8674006,5.8945575
5.349206,7.1884494
14.265134,6.990344
-3.1100054,14.936146
-5.0409126,8.018431
1.0447506,4.7890186
-1.8179673,12.023472
13.967866,7.6212044
11.0643,9.341924
-4.079111,12.565397
0.9794139,13.15963
13.519186,8.516785
1.5026361,4.74918
11.761658,9.357355
11.961905,9.229046
3.4058769,5.1540623
0.07912823,4.948985
8.064672,7.2973614
-3.1999059,14.500863
2.9952252,4.7737603
-0.38986477,4.946887
2.2861865,4.1915536
-0.52187914,12.359442
7.659302,6.863645
-4.629526,9.094956
17.68213,5.103423
-0.34510565,4.3679824
1.6360904,13.164272
13.549791,8.249523
-4.270973,16.26287
3.0679884,4.8884864
16.572393,6.981139
8.347025,6.581831
11.918112,9.304874
-4.7024345,8.67148
11.869809,9.57877
-5.0379925,9.673214
1.0283858,5.843531
1.492064,13.804929
6.1867275,5.30068
9.017027,7.575829
17.687355,5.4071555
8.04192,8.134934
8.401745,6.5134215
8.088504,6.5013914
9.723831,8.307613
18.294172,4.7146754
4.032995,11.951479
3.1076841,5.5261984
1.4189154,4.6912813
18.559292,5.056049
-6.799671,11.895585
-1.0952753,3.3009849
3.0286763,4.7141323
3.2391691,4.8922296
-1.1994498,12.126477
8.955768,7.5435405
1.8390555,13.393215
8.03826,8.159755
0.17479566,3.8093207
11.971093,9.217545
-5.553765,12.522882
18.022758,5.010813
-4.173086,12.213671
-1.5001737,12.0796585
-5.081014,9.327192
3.0249119,6.409849
5.3905506,7.045717
-0.61043096,3.4104743
0.87306523,3.8815129
-0.15313657,4.8307204
6.043206,7.1252365
-5.994693,10.138085
15.035211,7.545595
8.56853,7.9465256
5.880571,6.00968
-4.565663,8.879567
-3.00515,14.355433
-4.4985213,15.37746
7.9859643,7.4479074
-5.0798697,9.716071
14.5302925,7.9486837
10.91967,9.536934
-0.58719164,4.8885984
-0.4489811,12.267961
12.038723,12.037605
8.024691,7.127365
12.328718,9.337787
9.427349,7.7502236
-6.1395745,12.385081
15.619609,6.8425765
7.7043285,7.3686275
-1.3904411,12.007673
-1.1623788,12.016576
-0.4001283,12.428108
7.6732907,6.733938
6.1869326,5.2480664
0.78497225,4.203679
6.058079,5.983876
5.8971906,5.8263836
5.855881,5.7864227
7.987995,6.4441514
0.9125534,4.8579884
-6.7591124,11.969964
6.3844376,7.4529095
11.078916,9.229671
15.069624,7.5927696
12.2198105,13.338189
16.030767,6.136649
11.806014,11.378521
8.038769,8.0869875
-4.468999,8.9568815
15.092884,7.634788
9.852858,8.37912
-3.876999,16.26367
-2.3789167,11.172974
12.400669,13.043718
2.7449958,5.788838
-4.1985116,12.172414
-4.509046,8.909039
5.719608,5.7899575
5.7060666,5.8274446
3.8361158,12.016528
1.0234834,13.185488
8.169689,7.4523506
16.414654,6.807761
-0.070357814,3.445054
11.193129,9.114343
14.454811,8.435118
11.099694,9.250064
-6.1247497,12.384807
5.9153714,6.930295
11.970758,9.614974
-2.3815966,11.159655
5.5889254,6.6321235
14.927746,7.7080307
8.054749,7.6815124
3.8611655,12.518584
11.0571995,9.324361
5.81212,7.7295613
6.108089,7.2170525
2.9913428,5.93944
17.817327,5.2920303
5.8897347,6.721125
-4.816115,16.295097
9.032108,8.156779
17.761637,5.490218
9.672938,8.013466
11.213069,8.951962
4.8509765,12.564574
10.071326,7.949339
7.9616613,7.90121
5.9162817,11.965991
-6.7921844,11.885512
-4.036496,12.632268
-0.6565107,4.7917438
14.82813,7.9741178
-2.3532743,11.191986
3.584363,5.536271
6.5801587,11.709679
-5.207701,8.242277
3.8550923,12.785988
9.327999,7.7774844
17.72619,5.9619303
11.90234,13.053549
0.9138385,14.134138
9.99489,8.404615
16.08547,6.846757
-4.4070115,15.828177
-3.9712803,16.373373
0.15799743,4.834419
14.05544,8.899463
0.81420666,14.009908
11.438617,8.27786
13.336142,8.433241
16.119446,6.452996
-4.7912908,15.753395
-4.803384,15.555802
-4.245133,12.681141
16.212427,6.6861324
1.2147189,13.197076
11.476758,9.543812
-6.180869,10.389728
6.120658,7.5947328
0.088893,5.289455
-1.8707683,11.69199
1.2854594,4.1347094
17.57679,5.7779827
13.598658,8.623842
5.4461255,6.728395
5.3353395,7.278546
13.789865,8.771722
14.340957,8.012828
14.3017025,7.9527307
18.55673,5.0716467
13.535346,8.512212
5.574342,6.6946836
-5.162062,8.91019
6.19914,6.043136
13.954313,8.724627
-4.7990737,16.417908
1.2764034,14.227117
16.05429,6.7946916
-3.4004524,14.179684
6.0516386,6.796485
-4.7157145,9.117282
5.931682,5.9018903
0.85106534,5.33047
-4.7957535,9.560537
5.58923,6.2784424
13.558822,8.740318
12.059359,9.211353
0.14146872,4.726178
1.702299,13.356854
0.54514605,13.607819
17.669851,5.534991
-3.9000525,14.657295
-2.3027508,11.268974
-0.0012170034,4.972555
-4.6081886,8.76103
12.194149,9.065322
5.644198,6.9865093
6.0434437,6.8753557
1.5479667,4.5395827
12.556141,11.451766
3.41,5.1622295
5.0771165,12.402169
1.940704,4.24176
11.744216,9.41704
-6.6426816,11.918636
-0.09825086,5.067335
5.4467483,6.8358684
15.923609,6.496269
-4.6946454,11.156946
-5.263261,10.557999
0.88931185,4.6919045
-4.790073,16.300179
-0.106320426,5.1205683
-6.4113135,12.283677
3.8137603,12.099559
16.634974,7.078961
14.795748,7.76118
14.533633,7.975512
-3.399386,14.229124
9.347311,7.6897826
-5.672178,11.029985
-0.59035087,4.917042
-0.19915082,12.545912
-0.5689722,3.3625166
0.2531918,13.555397
11.400465,9.716069
3.9228528,12.120159
-4.24094,16.265736
3.4538271,5.261009
-5.110374,8.944052
3.0250223,4.820791
6.005882,5.898743
0.93068653,5.233283
14.3458395,7.701081
5.9528418,5.90768
-3.703348,15.379598
-5.0737185,10.695836
3.3356643,5.606543
-5.7398634,10.21347
3.2920377,5.111425
-2.213763,11.412851
-4.019608,16.21761
4.0824885,11.974836
1.0553179,14.020728
6.0324554,7.307517
6.0613594,6.9837303
9.112668,8.039811
0.019513544,4.8555245
-4.62988,9.136821
-1.2435735,12.113712
-3.5347238,15.146346
11.836612,11.665874
17.76804,5.636388
5.9505725,5.807506
2.9964259,6.478871
0.3115272,4.2360387
0.9770532,5.7156
4.5694504,12.069362
14.868938,8.124858
6.035823,5.995722
1.4819363,4.7303243
-4.0463443,12.53465
13.638517,8.579937
-5.4012465,8.743341
0.33926067,13.388299
0.06724675,4.0646205
11.649183,11.926097
15.184715,7.517582
-1.1721325,3.2453432
0.7860088,4.9860315
-5.6836853,10.386251
16.405779,7.053158
-4.2138524,15.550015
9.561858,8.189033
-4.60674,16.335775
16.258726,6.6746907
-4.930606,9.865229
1.1992402,5.36033
-5.992834,9.944022
-5.67844,10.328356
7.9898176,6.5898547
5.6605587,6.6050043
6.332261,6.0542774
-4.789413,8.743034
-1.6505703,11.737911
11.158604,9.19698
16.17381,6.6255264
14.165478,8.379919
-6.2752275,10.533638
-4.056328,12.45283
5.719064,6.6614943
-5.340136,8.650484
13.850374,8.784326
-5.0697327,8.898538
0.033104625,4.762089
11.062778,9.200593
18.175879,5.1649027
8.115749,8.088295
-0.6805643,4.719935
0.0092473,5.4459796
-5.4519734,10.274101
3.2986746,5.3551927
-4.771621,10.687062
11.867042,11.071427
17.690102,5.4772024
5.778344,6.699355
13.93041,9.038896
-3.1607332,14.613628
11.958981,8.98318
-5.3588433,9.792022
8.990462,8.353288
9.997516,8.31977
16.25108,6.8520713
6.435127,7.2637343
5.8831863,5.876661
6.231412,5.6056957
-6.003179,10.111723
11.823929,11.604259
-0.52350545,3.4807494
-5.2917743,12.60857
5.359568,7.108939
11.237007,9.50051
-4.7549124,8.721667
1.1040351,13.9902725
8.091398,8.348029
-6.4717145,11.685544
-6.046738,10.184661
14.568726,8.373383
13.992294,8.77519
1.4605119,4.7121534
9.524695,8.317664
3.3872879,5.3195295
6.587285,11.780861
12.488397,9.702961
-0.36267316,4.261349
11.4192,9.359427
-0.657481,12.271368
-4.039202,12.409929
3.061546,5.290372
9.648135,7.9464073
-3.5235305,15.367317
12.558384,9.123973
7.954356,8.576922
8.002374,7.8420033
3.0807776,5.642154
4.477903,12.639169
6.171012,5.347786
-0.0704403,3.4717796
-2.3724692,11.167829
7.9998803,8.612865
0.15368657,3.7501512
11.534265,9.750739
11.528429,9.687098
0.41659513,13.848347
6.6439853,11.744975
6.3761063,5.859369
5.9209027,5.9266086
4.362153,12.693021
14.878164,6.7393723
4.9048862,12.110372
-0.58475876,4.5270658
3.2223878,5.3788404
-0.6616301,12.208887
-3.922281,14.70193
15.814584,7.231698
10.984537,9.53031
-6.624893,11.832076
16.316738,7.0539756
7.992816,7.7161164
15.11985,7.517626
11.223276,12.997857
18.383087,4.5956545
17.610312,5.4102883
5.6121025,6.524049
3.1831827,5.383435
4.892181,11.935437
6.001332,6.014172
12.188119,11.186371
4.7211666,12.064611
6.1179132,11.944748
14.542644,8.297574
5.892459,5.908066
0.963225,4.7803855
17.578526,5.7481933
-3.1242,14.1456
-5.6403527,10.436112
0.93096644,4.6505804
11.990625,9.217184
4.128642,12.779187
9.677318,8.076223
-4.7660193,8.663418
5.9441247,5.9051476
13.684634,8.707142
16.243006,6.492174
-0.3175898,3.458412
14.467092,8.484805
1.5532299,13.518992
-2.934112,14.488278
18.45557,4.7785435
14.744007,7.936161
0.85284287,3.8408084
-3.2778852,14.74617
3.178299,5.032061
16.276115,7.2164474
5.5814967,6.604004
9.768854,8.278448
5.865439,7.680217
-4.1709805,12.848836
-6.659863,12.101046
7.863537,6.6090217
12.237216,11.094951
5.090034,12.436144
3.7293084,12.392814
1.4845506,4.7083282
0.113172054,4.873212
6.126965,7.4104857
5.5508,6.3986096
0.087502696,4.652568
5.541998,6.893337
7.496444,7.445476
14.980278,7.762661
0.036460124,5.426597
15.14366,7.622676
-6.073947,12.361286
1.5900531,4.2933707
-3.9647603,16.432281
-0.6134828,4.248285
9.544394,7.8710275
6.621941,6.135246
9.891651,8.141038
15.234142,7.5045133
13.682326,8.586722
15.006611,7.8133583
14.145203,8.543812
-3.9750242,14.711686
-5.0846257,8.907587
-0.28032392,3.4036787
18.258972,4.437153
2.9497287,5.934984
-5.014424,8.843777
-5.5791745,10.469854
14.606953,8.090223
16.712109,7.2397246
2.0429301,13.655378
14.074618,8.930523
-4.6802707,16.371279
9.944334,8.255016
3.2288349,5.258483
18.157072,4.410278
11.506328,11.963454
17.89539,4.777493
0.76277375,3.9501925
-4.9282703,12.671705
0.9559292,4.323036
-4.2609954,15.4349985
12.228609,9.247559
-0.17657223,5.169572
8.049374,7.98323
13.683898,8.876737
-5.015107,12.658767
14.888436,8.350387
-4.8980145,10.845891
-5.7285614,10.3382225
2.6643581,13.1194935
-4.496916,15.885322
9.783666,8.394386
3.1649256,4.9499655
-5.533065,9.319999
3.061818,4.955352
16.036915,6.9959583
2.9466808,5.966434
-4.402852,12.710392
13.704851,8.916421
-0.9627439,3.428166
0.8833367,13.23516
16.172886,6.8572044
-4.824528,9.431743
-0.6890177,12.171325
0.023504293,5.397864
12.643608,11.475984
3.1008885,4.852306
17.67545,4.9607234
3.8111527,12.496203
11.0435915,9.359132
3.0717435,6.528911
5.5616794,6.621098
-5.4203815,10.512465
16.832705,7.082341
-4.711323,8.731061
18.26121,5.2304277
-4.224587,12.091559
-0.5986139,4.9931846
5.579243,6.78254
18.008501,6.061145
17.758757,5.910789
11.510538,12.027896
9.441518,8.189526
-4.91839,9.498974
11.170583,13.283704
3.0841794,4.7503743
3.653811,12.442659
17.836916,6.1726403
0.9426617,5.709671
11.03982,9.328549
-4.7936363,10.711542
2.1232533,13.509643
3.1164846,5.4282813
-0.24967511,5.305715
0.3845241,13.421472
-3.9229057,15.606239
-5.7685156,12.516615
1.4972277,4.352986
-1.203929,3.2272518
-4.93747,9.928664
1.737472,13.346732
-5.6512756,10.439515
-0.58138305,3.9246004
-3.266681,14.950517
0.55770963,3.9998984
14.070771,8.820589
0.93783194,3.9185004
11.964725,11.370646
8.115025,6.5301876
6.0908875,6.3818207
1.0559081,4.3183093
3.8546038,12.013229
17.98235,6.093733
0.7172327,4.136927
3.233012,5.2525487
-4.960927,9.811113
-2.376409,11.165207
9.873943,8.410051
13.847692,8.899354
1.3131317,14.258285
-4.0355253,14.935362
18.125217,5.203117
-0.05715197,4.8331904
-5.887466,12.487259
-0.9344242,3.4293618
0.9506278,5.5704923
0.9453345,13.200445
1.05864,14.005878
-6.33537,10.628989
7.9510217,7.99744
12.173152,11.187216
16.320536,6.759611
5.4129195,7.496925
9.510439,7.9124594
8.020608,7.923926
-4.945021,9.398554
-5.0491343,8.0494
12.421854,11.673931
0.35166574,4.810901
10.734814,9.085369
3.048072,6.5470905
-5.0432014,8.893466
1.0962356,13.226925
16.213562,6.8617744
0.9300412,4.861136
0.95565975,5.117844
16.68632,7.15188
4.006126,12.015011
-3.3249173,15.019306
-4.7653136,9.124008
5.9459386,7.088794
14.113274,8.664121
1.4886985,4.787769
18.492579,4.8128533
-0.5618606,3.3706582
11.187115,9.3696
-4.049553,15.612982
-5.3352976,12.595472
0.5406889,13.336229
0.9360496,13.175666
16.113863,6.852415
0.9630163,4.8361545
11.795716,10.388838
-4.443343,15.270387
-1.5092895,11.851554
9.029059,8.259159
17.623724,5.770615
6.142963,7.4360037
13.674927,8.918378
15.145837,7.6439357
-0.35062495,12.469453
3.0861628,4.835505
13.674088,8.866681
11.48026,9.631436
-4.169453,16.236973
11.833462,11.95529
9.663733,8.235383
16.351267,6.8703213
6.11884,6.118092
16.583834,7.009846
-4.2253985,15.875899
5.6321473,6.886079
9.566275,8.168279
0.33553624,4.862812
8.296083,6.583906
-5.8441997,10.271988
-1.8324212,11.630229
9.049499,8.142378
-5.060268,10.361141
5.768198,6.4797487
1.8180529,13.846585
12.047424,13.385626
16.349367,6.901014
11.071429,9.008626
2.860812,13.069616
-5.5590944,9.909169
-0.92935145,3.4177945
8.023839,8.059266
3.1161416,6.5895357
3.100842,5.217806
5.9381657,7.518968
16.406725,6.9148946
0.48253825,4.780683
9.416255,8.2539
14.288223,7.917832
6.4779134,7.494955
9.822653,8.471573
-0.3357971,12.461134
-0.3048782,4.2548523
18.392223,5.190845
-4.5857706,15.680849
5.7750974,6.6589446
1.018444,4.944454
-0.1269214,4.2524805
17.980541,5.157474
4.4369755,12.653516
-4.8359137,16.3526
-6.7790112,11.794986
-5.9808564,12.439528
11.117288,9.500966
17.810343,6.0175886
11.812006,11.762502
8.16312,8.143896
13.936652,7.172361
1.265434,4.1569743
-0.6960713,12.238971
-4.91991,9.966034
-1.3715008,11.993951
3.0305524,5.9700904
0.7930257,13.491513
0.9575505,5.741777
12.505833,11.819772
4.948942,12.121501
1.5612949,13.563493
13.591902,8.536628
-1.2142473,12.075983
4.48225,12.45305
13.966311,9.030129
-5.0419393,8.022227
5.4322853,7.444744
-0.152911,4.929099
-5.5788493,10.476066
5.6990576,6.527863
18.199638,4.42908
-1.0747572,3.3195386
-4.434988,11.744987
0.20889345,4.158711
0.09135475,3.8624506
16.236412,6.917809
-6.429755,12.258005
0.23378736,13.515745
0.6037642,13.281419
-4.8251286,10.292783
14.785686,8.207374
2.9167295,6.493129
0.031293903,5.489792
-4.944265,10.810506
1.4453698,4.7891846
7.4667406,7.4618635
3.791306,12.582539
6.4320455,6.0996532
-4.535478,9.047752
5.0671268,12.213223
6.781086,11.709116
-3.1860356,14.791036
5.6229997,6.5825853
17.640734,5.9821563
-5.4008074,10.603697
12.546456,11.222675
3.0890565,4.915859
-3.3518462,14.143374
10.877907,9.325834
4.436377,12.066577
-4.788329,16.388447
14.1254225,8.71389
11.7403,13.2727375
-3.1344728,14.170626
1.0370053,4.904074
-5.7469482,12.5254
7.995831,8.614815
7.4839334,7.3602114
18.319899,5.237668
0.89179784,3.818101
9.722933,8.38859
-4.6603684,9.021824
-6.4057436,12.276588
6.070486,11.959661
11.822871,13.178368
9.095459,8.266016
-5.1291842,9.811454
18.567577,5.026859
2.4596133,4.375748
-5.030356,12.66715
-3.9222353,16.208065
-6.0084662,12.229386
16.607325,6.976581
0.37183622,13.23402
15.058299,7.7545385
0.7481558,14.076786
8.134574,8.090499
6.1281037,6.4186306
-4.597968,9.041164
14.464543,7.8138785
-0.63611805,12.287082
7.9226937,7.631748
16.287512,6.8668566
8.035293,8.251121
16.237934,6.913259
-4.7457123,16.399199
9.974995,8.53437
2.1977577,4.148356
0.8510166,4.5600963
14.001337,9.0267105
-4.654295,9.086545
9.854065,8.409969
1.5922695,4.507988
-5.710935,9.601963
11.022942,9.342113
-5.0553617,8.121949
-4.860905,10.302468
13.807508,8.928486
-4.1425548,12.517887
5.426713,6.7363667
-5.289355,8.663345
4.522223,12.043513
1.2274115,4.8442106
11.89584,10.494916
5.7163453,6.673075
11.378155,9.887628
8.011594,8.1230545
9.552075,8.133609
-5.0659347,8.055631
-4.5188212,8.8945465
-4.470004,15.48046
16.564089,7.0054317
6.1063786,11.955371
-5.2030187,9.729078
0.9915435,4.880519
4.3254986,11.927274
-2.3244383,11.231665
3.9293542,12.059232
-4.471005,16.185347
-0.56738234,4.9483953
5.4230657,7.5944076
3.2139611,5.5854306
3.850444,12.052797
3.2934594,5.575181
0.88010895,5.6173663
-4.8714194,9.333352
3.4989712,6.7779865
-3.425013,14.111142
-6.1886578,11.96769
-5.0757785,10.724025
0.25746998,13.49402
2.951994,5.851166
-5.3234334,9.259311
-0.41269004,12.429177
-0.6479828,3.3651297
16.36933,6.851101
-4.8810153,10.124323
3.4044838,5.331812
-5.438604,12.571673
4.865959,12.13476
16.360477,6.920105
-5.8879166,12.521937
17.867884,6.1849256
7.975203,8.627379
-5.037254,8.112964
1.4158924,13.82725
5.008157,12.096158
7.4425755,7.5344133
-0.3396566,4.357206
11.241678,9.903001
6.076218,11.95982
0.66635966,13.481251
3.1650448,5.4685783
-4.2100945,12.165597
13.828795,8.854009
7.2789154,7.901746
7.962117,8.19539
9.744926,8.532989
0.8696985,4.7838626
2.4798791,13.160778
-4.1785545,15.415588
4.1341867,11.93549
3.4323487,5.114625
5.3836164,7.503973
-6.084832,11.851225
6.6056876,11.71265
-0.8762076,12.2193985
17.658848,5.769381
7.862897,8.699732
4.8245897,11.99402
18.523634,4.9503922
-1.0650982,3.3459883
-6.0998073,12.014182
3.016742,5.73075
10.052268,8.691877
9.9501095,8.263082
-0.018154131,4.4155407
-0.6665692,3.3598452
9.708874,8.349721
16.60933,7.3236995
15.057871,7.761985
3.0994163,5.107731
9.053725,8.248322
-5.5009465,8.882735
4.137454,12.232376
1.073197,4.4586244
-3.6467178,15.642185
-3.9313753,14.705014
4.3808265,12.202057
5.9498644,11.971359
2.9478185,6.3276644
-5.0785847,12.652921
8.057736,8.091556
14.944021,6.648134
-5.4938073,9.861266
6.241517,5.8942676
0.99263966,5.783393
16.608957,7.0600734
8.01629,8.281056
15.186455,7.956865
9.080041,8.226729
11.028793,9.33921
5.50772,6.8315315
0.17838557,4.2774553
-3.2875164,14.6616745
5.2106886,12.360735
-4.79875,15.657315
10.95536,9.357671
-5.4514236,8.909339
3.452943,12.84156
-3.34089,14.177608
13.644511,8.485095
-6.1346,12.012327
3.0556571,5.532544
6.2492847,7.488869
5.6910124,6.9380116
0.7150388,5.1824646
-6.213507,10.395807
7.3312774,7.502335
17.699871,6.02207
-0.7366922,3.6485922
14.4080515,8.412911
-0.898246,3.4789858
-0.20831539,4.8727703
14.169453,8.739198
13.651789,8.612193
10.96635,9.360129
2.316115,13.139143
-1.2934202,12.015343
0.08104582,5.406143
12.512979,11.55708
9.041871,8.227133
-4.806796,15.815477
1.177009,4.176196
-5.8412194,9.736063
5.648629,7.768601
-6.1092362,11.718843
-0.56767577,4.4192314
-3.321375,15.267739
-6.0096707,12.311815
11.006121,9.45905
18.09585,5.5163474
-3.9808493,14.763286
7.992032,8.597341
6.0338297,7.631286
9.836242,8.460292
11.500187,11.955136
-0.7863091,3.454681
-3.9286866,16.37615
0.28034127,5.545848
7.97462,8.215857
1.2004166,13.682964
0.25408384,13.484793
17.945915,6.0902424
6.18702,7.4395742
-0.38027266,12.331897
14.108243,8.89423
4.1050105,12.65878
-6.0981107,12.445635
-3.144991,14.207256
-4.9060187,10.841476
-0.25691682,4.306914
-5.787862,9.683597
14.709599,8.517419
3.0351455,5.5645614
-0.516502,12.379831
11.260618,12.586995
16.502306,6.967447
2.956499,5.59486
6.219356,7.439586
-5.232909,8.891454
0.40269223,13.835514
14.120709,8.886296
9.959422,8.626496
2.7179387,6.6174326
0.6439154,13.365098
9.892537,8.529548
16.585052,7.0757732
2.9416676,6.5847716
17.749737,6.221445
7.28644,7.6119857
4.5517817,12.52003
1.4581378,13.238301
6.6730547,11.738271
-1.4879626,11.813515
2.2517953,13.183304
1.0550313,13.822829
-4.8860645,9.310849
-0.36066023,12.456127
1.0427753,13.978752
0.45455796,4.496636
0.1589529,4.2823877
-3.219467,14.096557
0.84146816,5.073179
14.928331,8.257342
7.6407666,7.822773
-4.2509155,15.328795
1.0798221,5.1418724
-2.4161615,11.123363
-0.5391462,4.5733347
6.0314255,11.92574
2.348286,13.139568
-4.9315825,10.010551
14.11132,8.852176
-6.818995,11.861884
0.13050042,5.266911
-1.4096497,12.095199
5.1024675,12.213182
-0.17661257,4.6632385
16.612808,7.046365
16.61243,7.0306354
5.599521,6.7927566
11.383731,12.050252
2.965931,5.898648
6.596546,11.773041
4.802524,12.423586
-0.4766182,12.35758
3.614832,12.403074
11.25453,12.289752
0.92501026,5.6337337
6.263134,11.87127
-5.4169908,10.625484
9.4503355,7.8314757
-4.7393584,9.1924515
15.085257,8.315408
-5.298981,12.605313
-4.6315346,16.42897
10.0005865,8.731116
8.113529,8.367766
9.744422,8.421567
-4.5056934,8.91352
-6.080638,12.190481
6.20824,7.4812202
18.24158,4.409532
16.527498,6.90748
0.6384783,13.401553
-4.7456427,15.867522
3.0211017,6.520237
-0.15608904,5.5554266
-3.7634652,15.083106
-4.41561,16.127993
-4.6187654,16.00269
1.0146965,4.9874563
18.246357,4.4334636
14.208693,8.78744
5.5119886,6.9042087
1.1260102,13.16611
1.0742689,5.8770576
-4.821052,15.854239
9.033053,8.27149
-0.05839754,5.334585
15.226849,8.266182
-5.0745645,9.705282
5.4946294,7.5094204
16.358341,7.537906
-4.8150125,12.6326885
2.5039177,13.128694
10.927195,9.481386
17.705097,6.2757926
18.543222,4.862705
-0.5161393,12.369079
5.691587,7.3068767
7.141931,7.631087
-0.9295195,3.4828653
9.722986,8.425439
7.9227295,8.267224
0.6257858,14.030165
13.932442,9.021007
-3.651893,15.573923
18.545942,5.0842957
-5.058763,8.025844
15.143435,8.258003
-6.60325,11.852334
-5.870006,10.117088
-4.5809994,16.220156
4.864638,12.0828705
-0.9793103,3.4185092
3.8585014,12.041746
1.1481293,14.232628
-3.983412,12.444231
0.18512325,5.0192766
-4.351767,15.366468
5.7465267,12.110249
17.799368,6.10392
2.7423236,13.124373
15.023088,8.391174
9.95887,8.80454
14.170343,8.773208
8.139545,6.379754
2.8619795,5.7650347
-5.448811,10.553105
-0.049501106,5.4105406
11.392703,12.108833
-4.7759027,8.810658
2.9825447,6.066738
0.9032014,5.559892
-3.7568529,14.562955
11.247806,12.331912
1.5733051,13.8098
-0.060786203,4.371534
-6.41693,12.033205
1.1407179,5.014418
1.4672151,13.744629
5.536487,6.8546066
-3.2262838,14.808943
-2.396859,11.142504
4.042677,12.377792
-3.9211764,14.737005
4.161638,12.400565
-5.705117,10.26154
2.7707102,5.8072915
5.5275283,6.8716326
-6.4592514,11.936981
10.5598955,8.914066
-5.693095,9.609442
18.536938,4.9398456
4.524837,12.391711
7.939832,8.340687
10.019083,8.5771
3.0738769,6.405366
-0.7060581,12.178621
16.592857,7.372534
13.874549,9.007017
0.3477372,5.1138635
-6.1057024,12.2902
7.9033933,8.353927
7.894433,8.322933
0.26439637,4.4349604
-4.753177,16.437883
10.928117,9.47779
5.6082015,7.3363767
3.1400514,5.4782057
5.366568,7.612525
-4.9365673,10.248874
4.7544866,12.157482
16.633812,7.0314126
-6.496064,12.133518
-5.8888927,10.204864
0.73384625,13.159149
-5.15969,8.129473
-5.743184,9.57911
4.3924894,12.017295
7.572841,7.8894734
-4.9962144,7.951683
2.24721,13.372589
-3.5348098,15.539252
-6.7864275,11.920864
-6.120682,11.813151
17.757572,6.1963506
11.224975,9.767433
13.799685,8.779031
0.647588,13.368145
3.0178676,6.104377
17.789637,6.109685
4.5656404,12.560972
0.13605124,5.454984
14.01407,9.008906
0.3639399,13.88625
-5.7230115,10.37595
16.539421,7.338774
11.224014,13.386296
17.752287,6.2144046
-5.7252364,9.734746
-4.54169,15.380025
1.2188094,5.977512
9.359529,8.416986
2.5716965,4.4450736
5.330514,7.087802
-1.3809259,12.101847
0.1576045,5.540734
0.93000937,14.045961
0.39453062,5.27142
0.39832765,13.804406
0.6337914,13.170085
4.915097,12.473299
3.7312255,12.309797
-6.692686,11.775761
-6.1319556,11.7053995
5.4195476,7.49424
0.037866037,5.1961627
0.410146,5.5982833
0.12744348,4.950028
16.574957,7.4000735
-3.7375157,14.434261
2.9929607,6.5202045
3.9332821,11.968185
3.1098092,6.6000013
7.8475056,8.256819
-6.1684246,11.955136
3.0806658,5.7910643
3.5766656,12.50117
15.107814,8.321662
5.4357944,7.617333
0.06537605,5.3801155
-4.6684275,9.227187
1.9755826,13.179752
-5.005667,9.176354
11.445746,12.004202
9.843842,8.566923
-3.2027738,14.889485
-6.451689,12.042949
6.2873964,7.4978294
-5.4502296,9.126645
1.0579998,13.175482
14.193898,8.811672
10.783962,9.47204
17.820072,6.1059513
-0.34370762,4.71748
-3.644926,13.969942
-3.151875,14.234206
-6.2409925,10.43747
3.7243958,12.099572
-4.482699,9.097472
8.092653,8.648156
0.78894454,13.9419775
5.3691106,7.0733466
17.61762,6.409923
5.396864,7.5705514
5.396851,7.0093875
7.923163,8.389442
0.8882309,14.083386
17.658634,6.1496453
-3.946525,15.721809
-0.11377433,4.9389544
-0.5223286,4.8682294
13.954776,9.109846
6.5395746,11.771529
-3.9254947,14.817019
-6.04173,10.130926
9.949151,8.612214
-3.326308,15.00464
10.901666,9.469333
14.625615,8.5118475
0.8930489,5.711865
2.57434,13.184205
17.94358,6.02694
-4.4480033,12.77086
17.736727,6.1504993
4.3995056,12.524759
7.838466,8.797386
-1.0937659,12.155134
-4.1885366,12.164898
2.2254918,13.4219475
6.0750494,11.949003
11.471665,11.793932
-3.2300887,14.99418
13.849998,9.017841
5.3730426,7.1511607
17.650343,6.240579
-4.6565323,12.727575
16.742075,7.1867514
-5.2898364,9.2935
5.6780047,7.430033
5.739567,12.073068
16.532253,7.4933863
-4.076347,12.553128
-3.001322,14.158268
-5.18662,9.313259
11.239137,13.326152
17.43686,6.5919056
0.97013384,5.7497177
-3.2995992,14.614364
16.550373,7.413914
-4.171971,16.43537
2.9985054,5.7966003
11.2119255,9.65657
8.611215,8.448204
18.55587,5.052651
0.32635975,13.445128
2.8422277,5.8750453
5.9014473,7.676022
15.147943,8.204243
-0.45791185,12.39279
3.4921205,6.828768
-6.7985744,11.905345
2.9217715,6.4346547
3.7598953,12.563368
3.9741287,12.207561
4.152752,12.533602
14.043549,9.03242
7.8935375,8.754505
13.9386215,9.115691
2.9787269,6.222934
2.2720342,13.337294
11.308521,9.783365
1.33533,13.761587
0.84200764,5.6773534
0.019734675,4.939514
1.5746747,13.596395
-1.788673,11.671683
5.09233,12.169191
5.368653,7.1692367
17.751629,6.2515364
-3.5665176,15.500334
0.20830345,5.089619
6.686687,11.761752
1.3352796,13.829543
-5.078362,8.980596
6.1098313,11.955483
2.971299,6.06252
5.8804755,7.6619897
4.8307266,12.14722
-0.2833231,12.510503
2.8958573,5.791998
-4.718929,8.795761
7.937954,8.505154
2.3227117,13.317859
2.9767878,6.155735
1.1694906,14.222068
6.5120854,11.817927
6.734009,11.748248
-4.8221188,8.639039
6.0134807,7.5735655
0.93840295,5.6708384
-0.47763628,12.355454
-0.40992692,5.084893
-6.722251,11.707308
-6.208923,11.717691
6.1560297,11.958103
-4.9622345,12.704558
6.371483,11.766574
-2.2004213,11.394482
0.031105127,5.2976108
3.594472,12.823187
3.6720774,12.383552
17.93879,6.117384
-3.2981594,14.064414
17.900406,6.0657816
4.646609,12.534997
-3.2279809,14.864193
-3.9649882,16.297394
-3.6562526,15.514372
2.9703434,6.4979224
4.656348,12.175427
6.0728865,7.4664593
2.7363973,5.8189616
11.40315,9.646713
4.36423,11.906297
16.59137,7.3855968
-4.8982124,10.407968
-6.796906,11.7439165
5.263824,7.5169253
14.139139,8.937147
2.7716985,5.9019527
11.467947,12.044531
16.541998,7.447142
-2.927061,14.399797
7.9455776,8.485304
-1.8853123,12.092905
15.123588,8.333969
10.912076,9.56682
-5.1892166,9.368464
10.918197,9.569337
-0.58863103,4.8304543
15.323906,8.213212
-0.6317192,12.263072
-2.2074614,11.365347
4.544416,12.520566
4.637516,11.955972
-2.391676,11.1486
15.311266,8.272333
-4.711256,16.187521
-4.5608974,15.424722
-0.009367975,5.0416465
3.74774,12.465472
17.923964,6.1651344
4.4855533,12.563809
-3.912668,14.713406
6.0749073,11.855167
11.16458,10.0183735
5.067563,12.130125
-4.878106,9.4394655
5.383116,7.5284543
1.6922598,6.331696
3.6377308,12.315521
5.9631414,11.913141
1.1930618,14.18954
5.68215,7.5541162
0.85479206,5.2085037
10.044761,8.713097
5.73328,7.627068
-1.766437,12.026133
4.5802402,12.586271
2.7729475,5.807182
4.19763,11.883525
8.972622,8.335957
11.450371,11.955601
3.0912797,6.514561
4.2936583,11.900167
-4.941021,10.805347
5.8286896,7.7443194
-3.113522,14.276147
-3.4947326,14.07874
1.3380439,13.389233
-3.6642976,13.997653
0.6905328,13.13674
5.9740567,7.6266336
10.029819,8.685414
-1.9069532,11.900098
2.1348164,13.457998
5.6998057,7.3608403
-3.6324654,15.532331
0.9296917,5.7718096
-3.814534,15.041005
5.9433584,11.96234
-4.9009438,9.290394
5.4313936,7.4985356
-3.7986543,15.492108
-5.3983445,9.211265
18.589903,4.9935937
-5.4650927,10.477282
-6.056154,10.156672
2.9589186,6.1276183
-5.11103,9.297513
16.67727,7.1963124
-3.198769,14.863659
-4.9697328,10.762703
5.4704065,12.058144
-3.632879,15.192665
5.429777,7.233274
-4.631475,15.871407
15.101981,8.361543
1.0403323,5.580945
-2.0704763,11.467598
17.750978,6.2538476
-6.361204,12.156596
6.111979,11.938715
12.756055,9.357003
3.3827,6.694485
-4.956264,12.714663
2.0909274,13.391248
4.3277597,11.911702
3.780288,12.206299
3.3946502,12.940259
5.3889112,7.5311666
-5.37257,9.297961
4.10382,11.870257
0.027114179,5.2339272
11.623847,11.647687
5.3287015,7.121516
-4.509839,15.356998
5.037544,12.14502
13.944239,8.99958
0.27972075,13.583856
15.208889,8.281088
4.1457696,12.03187
2.951808,6.422425
15.115095,8.349968
-3.8545523,16.086487
0.9125306,5.6246657
-1.328079,11.982943
4.325685,12.291206
0.7710747,13.219453
5.872858,11.985674
-0.5774482,4.9033723
5.3770375,7.5113134
18.545282,4.9997563
-4.851052,10.805844
-4.188619,16.437132
16.75331,7.117592
0.52790403,13.7336035
4.6352735,11.959139
-3.1995091,14.25337
2.3425555,13.224252
-4.65725,10.927794
-5.6791844,12.49163
3.018504,6.0450225
2.965922,6.322994
16.586876,7.3803754
18.523657,5.1072164
5.911406,11.976252
16.60356,7.4313035
-2.022296,12.081155
5.769027,12.014285
-0.080683224,5.1246147
3.2619388,6.5966516
6.0310006,7.6538606
3.7557132,12.3745365
16.69607,7.2790523
-3.3114755,14.169386
-3.558695,14.1244
8.955418,8.418692
-3.929085,14.775676
4.7050486,11.978419
17.979109,6.0324345
4.506375,12.597154
-3.236555,14.105822
-3.6024892,14.186337
4.400672,11.942831
-5.3494625,10.600299
0.63007903,13.4962845
-5.3745813,10.667817
1.3113775,13.54712
-6.042593,10.064799
5.4996758,7.409266
-3.9402432,16.384497
0.9709741,5.6571097
-5.3789854,9.110662
-4.720663,8.5879545
5.4029984,7.5236993
-3.9777222,14.586499
1.3373035,13.734811
-5.5302567,9.677907
1.2795566,14.246972
17.768822,6.244713
-4.7506676,9.437215
-5.9815736,10.114542
5.3145804,7.187921
0.42551437,13.781739
-3.1305668,14.933218
1.3169776,14.2693205
16.685432,7.2129564
-4.4189334,12.730378
2.1701112,13.385998
7.966164,8.564646
1.493202,13.425136
-5.498396,12.561557
2.9645925,6.3705287
-3.3396673,15.077832
6.66405,11.768263
1.4616827,13.557095
0.7112853,13.232798
18.005783,6.022648
0.6459425,13.254269
14.764468,8.476713
-5.836891,10.527129
-5.0376077,10.738043
0.9907912,5.7235646
-3.3740666,15.065276
2.1409013,13.19737
-4.461325,15.447956
3.1300907,6.6223836
-4.8167977,16.445757
3.666996,12.430871
1.3045061,6.0038686
-3.2820423,15.151138
-1.1951678,12.125872
6.0781436,7.609101
17.902569,6.115463
-4.8831086,9.485093
3.712799,12.22409
10.888201,9.615946
-4.279685,12.068506
7.889799,8.44078
-0.82130045,12.231395
14.098115,8.921898
0.3048002,13.435952
11.306036,12.41459
15.125855,8.349826
4.463545,12.424059
14.199246,8.830859
-3.943982,14.693443
-3.9902213,14.79359
-6.5957937,11.910419
-0.6455411,4.8510747
5.7703815,7.740192
1.2193513,13.389627
-3.1492968,14.178865
1.1119916,5.91378
-6.0838256,12.228038
3.872596,12.111509
-4.9531016,9.809663
17.953716,6.2042046
-4.8356924,15.801644
6.6462736,11.760705
-4.838305,15.779525
-3.1483836,14.150248
-5.9262943,10.115084
-5.37678,12.615138
15.023492,8.217097
5.3265657,7.360514
-4.8148675,10.81702
-4.812991,15.625782
7.9601083,8.4687395
-2.9078224,14.47889
7.9818068,8.625304
0.92820454,5.69324
11.759279,13.163498
1.4969438,13.619726
-3.928685,16.34761
-0.2779001,12.475766
4.057995,12.13432
-6.762216,11.9141035
11.342451,12.116539
5.6514835,7.746137
4.8460345,12.292183
1.0378247,5.769244
11.203441,9.903788
5.0439186,12.457627
17.819004,6.1648164
-6.0355244,10.001536
1.34202,14.182366
3.0997672,6.5605497
6.1198297,11.911919
-3.9698908,16.365126
-5.155836,8.926189
11.249333,12.269621
-4.974147,10.726044
4.3732576,11.852526
-6.4761724,11.060772
-3.947563,16.371433
-4.2235103,15.627847
-0.05047715,5.0816684
3.8670247,12.505739
3.832662,12.131437
0.09714899,5.5044107
-3.473718,14.18066
-4.6707172,8.965692
10.889309,9.596278
3.785352,12.82089
1.4444939,14.160796
8.948256,8.390666
4.207207,11.873891
3.6827228,12.78482
-4.6409154,8.717459
-4.502894,12.698656
-4.0420923,15.389525
8.012378,8.613081
1.2322975,14.21583
-5.5794635,12.5183
7.8138256,8.85386
-4.770192,16.281485
4.891327,11.748053
-4.106445,15.384263
2.9808125,6.542038
16.401814,7.5710826
-5.875598,9.755474
-5.160171,8.157947
18.028269,5.832787
-0.094706066,5.4346275
4.9531116,12.478193
2.7910972,13.080819
-3.0162287,14.302691
11.350598,12.080405
1.3643367,13.534695
11.34588,12.138651
4.9512157,12.145169
-5.133445,8.134556
-4.843864,9.840281
4.4721737,12.551932
1.3557433,13.582195
3.694053,12.355164
-2.9185877,14.593937
-5.0403,10.045817
6.1920824,11.837876
-5.133313,12.651275
-5.98832,12.244307
1.1052876,13.151583
3.7490513,12.848743
-5.8679614,12.391997
-5.5126305,10.55767
-5.7399855,11.12159
-5.763589,9.775148
-4.262344,15.779967
4.549204,12.441786
-0.7424571,4.7673774
-1.6340934,11.74154
-4.5113254,15.382563
-3.2777803,15.2050705
-4.054265,15.441296
4.393104,12.632377
3.759646,12.153459
-4.581874,16.11859
-6.8037477,11.910063
10.883397,9.627765
5.932824,11.9519005
3.083443,6.791431
-4.012634,15.578116
-4.682909,15.625122
16.768782,7.1659822
-3.1592925,14.85791
2.945162,6.028665
-6.4648294,11.86255
0.9424424,5.644225
-3.2246773,14.832557
-5.7086177,9.600318
-4.8037047,15.845603
-5.0226636,8.043074
5.886182,7.6759176
-3.1574945,14.662461
4.311583,11.8909445
1.1004431,5.861393
1.1381053,13.183067
1.5400374,13.6120825
15.133827,8.359389
-5.779697,10.238535
13.990805,9.073304
2.801802,13.106132
-3.0996673,14.258072
6.3164954,11.8704815
-3.2754865,14.127028
4.441803,12.598201
-4.257914,12.702115
-4.1272254,16.430883
5.6876683,7.7810993
-4.466394,16.137987
0.9385764,13.981264
0.6732592,14.00424
-6.06392,12.175208
0.92285407,13.370187
-2.3856952,11.151984
-0.0136334775,5.3201895
1.1325352,5.8622193
-5.0265336,7.9953313
-3.5942032,14.036651
-4.886481,10.228819
-4.691305,15.811925
8.646649,8.499234
15.043205,8.407732
3.3214397,6.7082295
-3.943787,16.42808
1.5213506,13.607568
3.616598,12.612611
1.4685009,14.119902
-5.9380703,12.414669
10.874331,9.701748
-2.2451615,11.356918
-0.52296495,4.9738503
6.031757,11.795206
5.7333536,7.7087903
0.4596736,13.747542
-4.9901195,8.423471
17.702686,6.3412147
3.829092,12.060834
0.3456865,13.710832
4.728296,12.464993
-5.057939,8.251983
-1.625498,11.74079
3.7474327,12.207314
-4.9674206,10.087657
-6.056354,10.078564
-0.50943846,5.030372
-1.1616514,12.126636
4.755903,11.9749975
-4.7937555,16.439554
4.022011,12.133658
6.6058493,11.760145
-1.9081931,12.076004
2.3573244,13.253767
2.9684756,6.51374
-4.5184793,15.6730175
-3.8926337,16.347565
1.185995,13.988768
16.592638,7.423883
2.9929357,6.3886523
3.6450272,12.607758
-3.7696857,15.585054
-3.3177593,15.007666
5.325474,7.518629
5.3462915,7.469044
1.3956738,14.219552
14.179909,8.905553
-4.424107,15.556812
3.7061107,12.18421
-4.0282083,15.685365
-3.0924206,14.908651
0.1515675,5.51305
2.335787,13.177534
11.108975,10.218316
-4.821748,15.845663
5.7248735,7.732989
-4.7587395,12.716078
2.816873,6.000621
5.545663,7.682247
7.9297795,8.65744
-0.7700539,12.25076
-4.1433973,15.380431
1.0687611,13.378299
1.1447951,13.331223
-5.8122807,12.465232
5.0109653,11.923895
2.515365,13.1359625
0.5237171,13.74811
3.095542,6.611299
-4.5147986,16.004189
-4.2931857,15.490502
0.041144647,5.500551
-6.1614885,12.410056
4.9805174,11.909773
-0.32772866,12.483119
16.730537,7.2143445
-6.6395583,11.786198
-4.603102,16.170189
18.60268,4.941929
3.0935476,6.6270204
1.3059363,13.427305
-5.9384856,12.449736
7.9390454,8.687545
4.939345,12.069896
-6.113012,10.344086
-4.911374,10.108326
7.911678,8.751391
7.965127,8.534878
0.5972209,5.677314
5.870073,11.924041
-3.7498167,15.197635
-0.63616323,4.824325
5.8082166,7.723478
-2.8462741,14.485635
-6.3411026,12.265062
7.895098,8.625478
2.5497863,13.147147
-4.766783,16.28843
1.2336148,13.888403
-4.7218757,11.322658
0.8490924,13.707836
-5.139014,8.890775
-4.3991523,12.658841
2.4895675,13.113266
-4.84407,10.509485
8.998005,8.572651
-3.8852758,16.2969
-5.610141,9.685077
5.411204,7.5241957
0.44612116,13.7771015
1.0204366,5.797888
1.6001238,13.537362
-4.9876194,10.807559
6.728681,11.717931
-6.791001,11.742487
-0.41220394,5.0627446
-4.179518,12.229272
2.9432056,6.540148
3.6517148,12.25755
3.8816135,12.415485
5.6987705,7.7576776
4.311406,12.371221
14.725726,8.547623
4.00033,12.783709
-4.6811824,8.815907
-0.95482403,12.183746
-4.8490067,9.447198
-3.9713295,16.404202
2.9775536,6.471217
3.9144745,12.713848
-0.48749638,12.371682
1.0746173,5.8718557
1.2202816,13.240049
1.1120911,5.9084125
-6.3113794,12.161822
-6.247542,12.106514
1.3042786,14.294033
3.082684,6.6236053
1.8573936,13.215735
0.96971273,5.766321
-3.9302554,14.6767845
-4.610803,15.45498
3.7959855,12.511842
-1.5428163,12.017142
17.627012,6.4083023
5.6665277,7.7937155
1.033409,5.8340993
4.387527,11.888227
4.7897654,11.937664
-3.080109,14.86316
5.841728,11.929384
0.96107435,14.146504
-6.128547,11.760283
-0.35133037,12.448913
-4.6945596,15.674871
-4.629646,15.796487
-5.965592,10.204353
6.8367114,11.73878
-4.0105762,16.437376
-5.453816,10.605871
0.12605958,13.336812
5.57471,7.8096075
-4.4395404,15.923919
-5.892892,12.398328
-4.7720714,15.247304
5.8312325,7.7323074
-3.1651497,14.6067505
0.37086508,13.8439865
4.461345,12.180219
-6.1510606,11.807581
-6.7273355,12.011343
3.1112592,6.6615233
1.0156257,5.8255568
5.4311066,7.6732016
-4.7998133,9.453592
-5.2084956,8.246481
-3.150461,14.678128
11.276912,12.281253
4.4362016,12.568916
1.24346,13.435518
-5.6193404,9.207254
2.2248254,13.337869
0.023267401,5.5415998
-1.6813786,11.721393
4.2059073,11.891725
-0.30457798,12.492651
-4.3434606,16.070017
-3.9335608,16.426031
3.5762308,12.558157
15.042637,8.401134
-6.118995,11.9136305
4.782497,12.058207
1.337516,14.224626
4.886961,11.859614
1.668276,13.189226
6.6006618,11.771897
-2.8860261,14.427714
-6.801357,11.837893
-3.6413884,15.628641
16.567108,7.423364
6.503501,11.795198
-6.0110955,12.325472
-0.6271346,4.869922
-3.362855,15.415754
-3.1878083,14.842059
-4.487174,8.913327
-4.8159266,15.852411
18.589985,5.0901537
-5.696569,9.620195
-5.520607,9.756694
0.63111496,13.26039
-6.0121627,10.101107
0.52789855,5.5091524
-5.4321055,9.230037
3.76328,12.164632
6.1726,11.663104
-4.9716077,9.122103
2.313724,13.389419
3.7234044,12.192486
-6.8371763,11.84527
5.8055224,11.875977
-5.0906477,9.70714
-6.8109493,11.927746
0.68368495,13.273752
1.247472,14.238339
-3.845398,15.140078
1.5194117,13.585676
0.42865112,13.801811
3.0687144,6.631847
1.2358973,14.267028
-4.4734898,8.926058
-6.659282,12.114065
-5.532047,9.723549
11.213984,9.695697
1.2040521,14.148515
-6.085076,12.417335
-4.703017,16.354734
1.5013502,13.683119
1.0890888,5.8935437
-5.1865034,10.729993
3.8648286,12.055434
4.341083,11.916775
-5.2526636,9.297823
-6.2488995,12.07164
5.295833,7.5490856
-4.7822466,16.37373
5.324701,7.563142
-4.201039,15.854085
6.1979403,11.810547
-4.0641575,15.952773
10.819292,9.769537
-6.7783427,11.918619
-0.48205656,12.37817
-4.153731,15.6109085
-4.70658,16.450264
-5.740726,9.768335
-4.7463007,16.453857
5.1171722,12.108726
5.0411897,12.060441
-4.71217,16.417358
5.6374044,7.852273
-3.4924254,14.07587
6.5608068,11.708235
0.7846917,14.092221
0.3919236,13.910248
4.8404756,12.084526
3.6618886,12.5204935
5.3789387,11.819488
1.0708084,13.912003
0.24480425,13.471066
0.8096733,14.096815
-4.807693,10.503164
-4.029138,12.366729
5.0007486,12.144967
-4.7930207,16.397793
0.2612572,13.443237
-5.9184127,12.48392
6.6205707,11.725664
2.418623,13.204486
-3.4729848,14.359168
0.41249183,13.929117
-3.272987,14.274832
1.4546683,13.668649
0.38084227,13.821418
-4.0358663,12.400548
0.02383998,5.5252175
1.2128721,14.16476
-6.1431913,12.359598
-6.3689294,12.320328
0.8908387,14.172351
0.65330094,13.193161
3.070303,6.6396847
-4.9454594,10.750068
1.335279,14.187879
-5.2314205,8.251893
-0.019929701,5.5285363
-6.0295596,10.015906
5.9186745,11.921406
2.3174095,13.361028
-6.0662346,12.443637
-6.074947,12.154242
0.7394533,13.227588
-4.9460874,10.11765
-5.148126,8.138038
-4.043109,12.457092
-6.7893114,11.893466
-6.431761,12.068684
17.583958,6.4737287
1.5481772,13.594069
4.976216,12.050164
-6.1231484,11.887223
-2.2538257,11.390502
-4.34496,15.637905
1.3007083,13.691486
-1.9690701,11.653539
-3.9988115,16.446066
-4.7957506,10.490847
0.70565504,13.208937
-5.174996,8.947874
-5.470005,12.564721
-2.2199917,11.3597355
-4.7609687,15.730227
-4.0812883,15.915999
6.2846284,11.749341
-1.3878986,12.063854
-4.1343656,16.044645
-0.34515005,12.491643
-0.975916,12.148987
-2.3897586,11.1463995
0.37057176,13.80122
0.38136208,13.831752
-5.3747253,8.726724
5.224546,12.350067
1.7495978,13.630725
-4.1850224,12.168186
0.27923596,13.44328
2.2764087,13.372939
-6.175445,11.969164
0.82101786,13.177569
-5.0329266,9.257036
-4.8336773,9.98617
-4.714373,10.861402
11.225333,13.214099
7.747433,8.81141
-1.6723819,11.718916
-3.1767836,14.820125
5.915493,11.940995
-4.454302,12.760658
-5.68796,9.597414
-1.4968927,12.030626
-6.3848276,12.101683
17.847971,6.2571344
-4.169215,12.276318
-6.2468667,12.04589
-5.395246,10.4725
4.3762884,11.899466
-4.8005085,15.807246
-4.7194486,16.484484
-5.003177,12.698114
5.3220334,11.930121
5.359036,7.622299
-2.9707408,14.537942
0.25143176,13.618651
3.5744326,12.572717
5.0768332,7.5592203
1.2696445,14.266718
-5.8710856,10.286818
0.24313095,13.527173
2.3987122,13.160115
-3.222063,14.827474
-0.26626518,5.1545715
1.1864089,5.957937
-5.754995,12.521408
1.3421922,14.255697
-5.054194,12.682058
-6.356807,10.653261
-6.846183,11.81842
5.431425,12.17325
4.4443545,12.621833
-5.2164536,8.261243
-3.0138628,14.804627
-3.9817522,15.577884
-4.929722,9.7442045
1.1575917,14.242686
-4.7182355,15.822473
1.2593156,6.045309
-0.09450095,5.697472
-3.1096907,14.772661
-5.081756,9.247858
3.9710495,12.0615015
3.7676008,12.152689
-3.6758716,14.36431
-4.2222514,15.705607
3.9434319,12.1377
5.6373663,11.945673
4.0273414,12.224138
-4.9902153,9.947778
1.210503,14.228214
3.7455988,12.334217
-4.495918,16.028412
-3.9769986,16.352692
5.2200255,12.005341
5.0658793,12.451573
5.304113,12.0283165
-3.9589288,16.384367
-5.225366,9.3366995
-3.574235,15.087588
0.20954749,13.522075
-3.3756886,14.618712
-3.333444,15.079808
-4.6994576,16.365108
0.34692666,13.704815
-4.9262295,10.133098
4.5238066,11.986837
-4.3773637,12.743771
-4.19461,15.606099
-4.6378136,15.392054
5.660832,11.874502
-6.136469,11.800899
-5.4670043,9.296716
-4.3364882,11.9022
-5.4902825,10.542152
0.47950718,13.902845
0.9228972,14.196043
-4.4638915,12.639771
-5.9658794,12.234087
-5.1382256,8.955782
-5.549774,9.336265
-5.7678356,9.702044
-4.94201,10.853702
4.0651927,12.345926
-4.772762,10.664734
0.55713844,13.317425
2.2995439,13.16078
1.4987009,13.604161
3.7266343,12.510455
-5.164488,9.764583
-3.9459093,15.454153
-4.6691575,15.781004
-3.920084,16.364279
4.285993,11.839241
-5.9778543,10.158578
-3.9414086,16.40729
-4.426753,15.667845
2.224182,13.423979
-5.198834,8.611214
5.387567,11.977364
4.3129454,12.104416
-3.9424014,15.49542
-3.9012032,16.324442
-6.077537,10.185447
0.54971534,13.4999895
-3.9218497,15.943045
11.262556,13.331975
6.688223,11.767067
-0.47798145,12.358566
-6.0879693,11.771778
1.3764117,14.141618
-5.2732673,8.623397
-5.720077,12.492594
1.0725738,13.149799
-4.2919865,12.395545
-5.5270467,12.504746
4.728189,12.416012
